insert into users (id, name, username, password, location, date_created, email, avatar_url) values (1, 'Paul Samsotha', 'peeskillet', 'secret', 'Phnom Penh', '2017-03-08 10:58:42.260', 'peeskillet@email.com', 'http://lorempixel.com/200/200/people/1');
insert into users (id, name, username, password, location, date_created, email, avatar_url) values (2, 'Lebron James', 'kingjames', 'secret', 'Cleveland, OH', '2017-03-08 10:58:42.275', 'kingjames@email.com', 'http://lorempixel.com/200/200/people/2');
insert into users (id, name, username, password, location, date_created, email, avatar_url) values (3, 'Kobe Bryant', 'blackmamba', 'secret', 'Los Angeles', '2017-03-08 10:58:42.275', 'blackmamba@email.com', 'http://lorempixel.com/200/200/people/3');
insert into users (id, name, username, password, location, date_created, email, avatar_url) values (4, 'Steph Curry', 'babayface', 'secret', 'Oakland, CA', '2017-03-08 10:58:42.275', 'babayface@email.com', 'http://lorempixel.com/200/200/people/4');
insert into users (id, name, username, password, location, date_created, email, avatar_url) values (5, 'Kevin Durant', 'durantula', 'secret', 'Oakland, CA', '2017-03-08 10:58:42.275', 'durantula@email.com', 'http://lorempixel.com/200/200/people/5');
insert into users (id, name, username, password, location, date_created, email, avatar_url) values (6, 'Klay Thompson', 'splashbro', 'secret', 'Oakland, CA', '2017-03-08 10:58:42.275', 'splashbro@email.com', 'http://lorempixel.com/200/200/people/6');
insert into users (id, name, username, password, location, date_created, email, avatar_url) values (7, 'Micheal Jordan', 'thegoat', 'secret', 'Chicago, CA', '2017-03-08 10:58:42.291', 'thegoat@email.com', 'http://lorempixel.com/200/200/people/7');
insert into users (id, name, username, password, location, date_created, email, avatar_url) values (8, 'James Harden', 'thebeard', 'secret', 'Houston, CA', '2017-03-08 10:58:42.291', 'thebeard@email.com', 'http://lorempixel.com/200/200/people/8');
insert into users (id, name, username, password, location, date_created, email, avatar_url) values (9, 'Shaquille Oneal', 'shaqdiesel', 'secret', 'Orlando, FL', '2017-03-08 10:58:42.291', 'shaqdiesel@email.com', 'http://lorempixel.com/200/200/people/9');
insert into users (id, name, username, password, location, date_created, email, avatar_url) values (10, 'Vince Carter', 'halfamazing', 'secret', 'Toronto, CN', '2017-03-08 10:58:42.291', 'halfamazing@email.com', 'http://lorempixel.com/200/200/people/10');

insert into post (id, user_id, date_created, content) values (1, 1, '2017-03-08 10:58:42.291', 'Lorem ipsum dolor sit amet, consectetur adipiscing elit. Mauris vehicula et erat et malesuada. Morbi vehicula, nunc at molestie vehicula, urna lacus volutpat massa, nec ultricies massa sapien non massa. Phasellus cursus mattis ante, quis maximus ligula egestas et. Quisque a consectetur nibh, id consequat enim. Etiam at dolor eu quam gravida porttitor. Maecenas eu augue nec velit convallis pellentesque. Nam iaculis odio id massa fermentum laoreet. Etiam sapien nisi, tempor id nulla in, mattis accumsan massa. Phasellus commodo purus faucibus augue semper, sed gravida dolor eleifend. Suspendisse potenti. Aliquam ullamcorper eleifend massa, eget vestibulum ex sodales ac. Cras semper mi ac velit feugiat, in laoreet risus rhoncus.');
insert into post (id, user_id, date_created, content) values (2, 1, '2017-03-08 10:58:42.291', 'Lorem ipsum dolor sit amet, consectetur adipiscing elit. Mauris vehicula et erat et malesuada. Morbi vehicula, nunc at molestie vehicula, urna lacus volutpat massa, nec ultricies massa sapien non massa. Phasellus cursus mattis ante, quis maximus ligula egestas et. Quisque a consectetur nibh, id consequat enim. Etiam at dolor eu quam gravida porttitor. Maecenas eu augue nec velit convallis pellentesque. Nam iaculis odio id massa fermentum laoreet. Etiam sapien nisi, tempor id nulla in, mattis accumsan massa. Phasellus commodo purus faucibus augue semper, sed gravida dolor eleifend. Suspendisse potenti. Aliquam ullamcorper eleifend massa, eget vestibulum ex sodales ac. Cras semper mi ac velit feugiat, in laoreet risus rhoncus.');
insert into post (id, user_id, date_created, content) values (3, 1, '2017-03-08 10:58:42.291', 'Lorem ipsum dolor sit amet, consectetur adipiscing elit. Mauris vehicula et erat et malesuada. Morbi vehicula, nunc at molestie vehicula, urna lacus volutpat massa, nec ultricies massa sapien non massa. Phasellus cursus mattis ante, quis maximus ligula egestas et. Quisque a consectetur nibh, id consequat enim. Etiam at dolor eu quam gravida porttitor. Maecenas eu augue nec velit convallis pellentesque. Nam iaculis odio id massa fermentum laoreet. Etiam sapien nisi, tempor id nulla in, mattis accumsan massa. Phasellus commodo purus faucibus augue semper, sed gravida dolor eleifend. Suspendisse potenti. Aliquam ullamcorper eleifend massa, eget vestibulum ex sodales ac. Cras semper mi ac velit feugiat, in laoreet risus rhoncus.');
insert into post (id, user_id, date_created, content) values (4, 1, '2017-03-08 10:58:42.307', 'Lorem ipsum dolor sit amet, consectetur adipiscing elit. Mauris vehicula et erat et malesuada. Morbi vehicula, nunc at molestie vehicula, urna lacus volutpat massa, nec ultricies massa sapien non massa. Phasellus cursus mattis ante, quis maximus ligula egestas et. Quisque a consectetur nibh, id consequat enim. Etiam at dolor eu quam gravida porttitor. Maecenas eu augue nec velit convallis pellentesque. Nam iaculis odio id massa fermentum laoreet. Etiam sapien nisi, tempor id nulla in, mattis accumsan massa. Phasellus commodo purus faucibus augue semper, sed gravida dolor eleifend. Suspendisse potenti. Aliquam ullamcorper eleifend massa, eget vestibulum ex sodales ac. Cras semper mi ac velit feugiat, in laoreet risus rhoncus.');
insert into post (id, user_id, date_created, content) values (5, 1, '2017-03-08 10:58:42.307', 'Lorem ipsum dolor sit amet, consectetur adipiscing elit. Mauris vehicula et erat et malesuada. Morbi vehicula, nunc at molestie vehicula, urna lacus volutpat massa, nec ultricies massa sapien non massa. Phasellus cursus mattis ante, quis maximus ligula egestas et. Quisque a consectetur nibh, id consequat enim. Etiam at dolor eu quam gravida porttitor. Maecenas eu augue nec velit convallis pellentesque. Nam iaculis odio id massa fermentum laoreet. Etiam sapien nisi, tempor id nulla in, mattis accumsan massa. Phasellus commodo purus faucibus augue semper, sed gravida dolor eleifend. Suspendisse potenti. Aliquam ullamcorper eleifend massa, eget vestibulum ex sodales ac. Cras semper mi ac velit feugiat, in laoreet risus rhoncus.');
insert into post (id, user_id, date_created, content) values (6, 1, '2017-03-08 10:58:42.307', 'Lorem ipsum dolor sit amet, consectetur adipiscing elit. Mauris vehicula et erat et malesuada. Morbi vehicula, nunc at molestie vehicula, urna lacus volutpat massa, nec ultricies massa sapien non massa. Phasellus cursus mattis ante, quis maximus ligula egestas et. Quisque a consectetur nibh, id consequat enim. Etiam at dolor eu quam gravida porttitor. Maecenas eu augue nec velit convallis pellentesque. Nam iaculis odio id massa fermentum laoreet. Etiam sapien nisi, tempor id nulla in, mattis accumsan massa. Phasellus commodo purus faucibus augue semper, sed gravida dolor eleifend. Suspendisse potenti. Aliquam ullamcorper eleifend massa, eget vestibulum ex sodales ac. Cras semper mi ac velit feugiat, in laoreet risus rhoncus.');
insert into post (id, user_id, date_created, content) values (7, 1, '2017-03-08 10:58:42.322', 'Lorem ipsum dolor sit amet, consectetur adipiscing elit. Mauris vehicula et erat et malesuada. Morbi vehicula, nunc at molestie vehicula, urna lacus volutpat massa, nec ultricies massa sapien non massa. Phasellus cursus mattis ante, quis maximus ligula egestas et. Quisque a consectetur nibh, id consequat enim. Etiam at dolor eu quam gravida porttitor. Maecenas eu augue nec velit convallis pellentesque. Nam iaculis odio id massa fermentum laoreet. Etiam sapien nisi, tempor id nulla in, mattis accumsan massa. Phasellus commodo purus faucibus augue semper, sed gravida dolor eleifend. Suspendisse potenti. Aliquam ullamcorper eleifend massa, eget vestibulum ex sodales ac. Cras semper mi ac velit feugiat, in laoreet risus rhoncus.');
insert into post (id, user_id, date_created, content) values (8, 1, '2017-03-08 10:58:42.322', 'Lorem ipsum dolor sit amet, consectetur adipiscing elit. Mauris vehicula et erat et malesuada. Morbi vehicula, nunc at molestie vehicula, urna lacus volutpat massa, nec ultricies massa sapien non massa. Phasellus cursus mattis ante, quis maximus ligula egestas et. Quisque a consectetur nibh, id consequat enim. Etiam at dolor eu quam gravida porttitor. Maecenas eu augue nec velit convallis pellentesque. Nam iaculis odio id massa fermentum laoreet. Etiam sapien nisi, tempor id nulla in, mattis accumsan massa. Phasellus commodo purus faucibus augue semper, sed gravida dolor eleifend. Suspendisse potenti. Aliquam ullamcorper eleifend massa, eget vestibulum ex sodales ac. Cras semper mi ac velit feugiat, in laoreet risus rhoncus.');
insert into post (id, user_id, date_created, content) values (9, 1, '2017-03-08 10:58:42.322', 'Lorem ipsum dolor sit amet, consectetur adipiscing elit. Mauris vehicula et erat et malesuada. Morbi vehicula, nunc at molestie vehicula, urna lacus volutpat massa, nec ultricies massa sapien non massa. Phasellus cursus mattis ante, quis maximus ligula egestas et. Quisque a consectetur nibh, id consequat enim. Etiam at dolor eu quam gravida porttitor. Maecenas eu augue nec velit convallis pellentesque. Nam iaculis odio id massa fermentum laoreet. Etiam sapien nisi, tempor id nulla in, mattis accumsan massa. Phasellus commodo purus faucibus augue semper, sed gravida dolor eleifend. Suspendisse potenti. Aliquam ullamcorper eleifend massa, eget vestibulum ex sodales ac. Cras semper mi ac velit feugiat, in laoreet risus rhoncus.');
insert into post (id, user_id, date_created, content) values (10, 1, '2017-03-08 10:58:42.322', 'Lorem ipsum dolor sit amet, consectetur adipiscing elit. Mauris vehicula et erat et malesuada. Morbi vehicula, nunc at molestie vehicula, urna lacus volutpat massa, nec ultricies massa sapien non massa. Phasellus cursus mattis ante, quis maximus ligula egestas et. Quisque a consectetur nibh, id consequat enim. Etiam at dolor eu quam gravida porttitor. Maecenas eu augue nec velit convallis pellentesque. Nam iaculis odio id massa fermentum laoreet. Etiam sapien nisi, tempor id nulla in, mattis accumsan massa. Phasellus commodo purus faucibus augue semper, sed gravida dolor eleifend. Suspendisse potenti. Aliquam ullamcorper eleifend massa, eget vestibulum ex sodales ac. Cras semper mi ac velit feugiat, in laoreet risus rhoncus.');
insert into post (id, user_id, date_created, content) values (11, 2, '2017-03-08 10:58:42.322', 'Lorem ipsum dolor sit amet, consectetur adipiscing elit. Mauris vehicula et erat et malesuada. Morbi vehicula, nunc at molestie vehicula, urna lacus volutpat massa, nec ultricies massa sapien non massa. Phasellus cursus mattis ante, quis maximus ligula egestas et. Quisque a consectetur nibh, id consequat enim. Etiam at dolor eu quam gravida porttitor. Maecenas eu augue nec velit convallis pellentesque. Nam iaculis odio id massa fermentum laoreet. Etiam sapien nisi, tempor id nulla in, mattis accumsan massa. Phasellus commodo purus faucibus augue semper, sed gravida dolor eleifend. Suspendisse potenti. Aliquam ullamcorper eleifend massa, eget vestibulum ex sodales ac. Cras semper mi ac velit feugiat, in laoreet risus rhoncus.');
insert into post (id, user_id, date_created, content) values (12, 2, '2017-03-08 10:58:42.322', 'Lorem ipsum dolor sit amet, consectetur adipiscing elit. Mauris vehicula et erat et malesuada. Morbi vehicula, nunc at molestie vehicula, urna lacus volutpat massa, nec ultricies massa sapien non massa. Phasellus cursus mattis ante, quis maximus ligula egestas et. Quisque a consectetur nibh, id consequat enim. Etiam at dolor eu quam gravida porttitor. Maecenas eu augue nec velit convallis pellentesque. Nam iaculis odio id massa fermentum laoreet. Etiam sapien nisi, tempor id nulla in, mattis accumsan massa. Phasellus commodo purus faucibus augue semper, sed gravida dolor eleifend. Suspendisse potenti. Aliquam ullamcorper eleifend massa, eget vestibulum ex sodales ac. Cras semper mi ac velit feugiat, in laoreet risus rhoncus.');
insert into post (id, user_id, date_created, content) values (13, 2, '2017-03-08 10:58:42.322', 'Lorem ipsum dolor sit amet, consectetur adipiscing elit. Mauris vehicula et erat et malesuada. Morbi vehicula, nunc at molestie vehicula, urna lacus volutpat massa, nec ultricies massa sapien non massa. Phasellus cursus mattis ante, quis maximus ligula egestas et. Quisque a consectetur nibh, id consequat enim. Etiam at dolor eu quam gravida porttitor. Maecenas eu augue nec velit convallis pellentesque. Nam iaculis odio id massa fermentum laoreet. Etiam sapien nisi, tempor id nulla in, mattis accumsan massa. Phasellus commodo purus faucibus augue semper, sed gravida dolor eleifend. Suspendisse potenti. Aliquam ullamcorper eleifend massa, eget vestibulum ex sodales ac. Cras semper mi ac velit feugiat, in laoreet risus rhoncus.');
insert into post (id, user_id, date_created, content) values (14, 2, '2017-03-08 10:58:42.322', 'Lorem ipsum dolor sit amet, consectetur adipiscing elit. Mauris vehicula et erat et malesuada. Morbi vehicula, nunc at molestie vehicula, urna lacus volutpat massa, nec ultricies massa sapien non massa. Phasellus cursus mattis ante, quis maximus ligula egestas et. Quisque a consectetur nibh, id consequat enim. Etiam at dolor eu quam gravida porttitor. Maecenas eu augue nec velit convallis pellentesque. Nam iaculis odio id massa fermentum laoreet. Etiam sapien nisi, tempor id nulla in, mattis accumsan massa. Phasellus commodo purus faucibus augue semper, sed gravida dolor eleifend. Suspendisse potenti. Aliquam ullamcorper eleifend massa, eget vestibulum ex sodales ac. Cras semper mi ac velit feugiat, in laoreet risus rhoncus.');
insert into post (id, user_id, date_created, content) values (15, 2, '2017-03-08 10:58:42.322', 'Lorem ipsum dolor sit amet, consectetur adipiscing elit. Mauris vehicula et erat et malesuada. Morbi vehicula, nunc at molestie vehicula, urna lacus volutpat massa, nec ultricies massa sapien non massa. Phasellus cursus mattis ante, quis maximus ligula egestas et. Quisque a consectetur nibh, id consequat enim. Etiam at dolor eu quam gravida porttitor. Maecenas eu augue nec velit convallis pellentesque. Nam iaculis odio id massa fermentum laoreet. Etiam sapien nisi, tempor id nulla in, mattis accumsan massa. Phasellus commodo purus faucibus augue semper, sed gravida dolor eleifend. Suspendisse potenti. Aliquam ullamcorper eleifend massa, eget vestibulum ex sodales ac. Cras semper mi ac velit feugiat, in laoreet risus rhoncus.');
insert into post (id, user_id, date_created, content) values (16, 2, '2017-03-08 10:58:42.322', 'Lorem ipsum dolor sit amet, consectetur adipiscing elit. Mauris vehicula et erat et malesuada. Morbi vehicula, nunc at molestie vehicula, urna lacus volutpat massa, nec ultricies massa sapien non massa. Phasellus cursus mattis ante, quis maximus ligula egestas et. Quisque a consectetur nibh, id consequat enim. Etiam at dolor eu quam gravida porttitor. Maecenas eu augue nec velit convallis pellentesque. Nam iaculis odio id massa fermentum laoreet. Etiam sapien nisi, tempor id nulla in, mattis accumsan massa. Phasellus commodo purus faucibus augue semper, sed gravida dolor eleifend. Suspendisse potenti. Aliquam ullamcorper eleifend massa, eget vestibulum ex sodales ac. Cras semper mi ac velit feugiat, in laoreet risus rhoncus.');
insert into post (id, user_id, date_created, content) values (17, 2, '2017-03-08 10:58:42.322', 'Lorem ipsum dolor sit amet, consectetur adipiscing elit. Mauris vehicula et erat et malesuada. Morbi vehicula, nunc at molestie vehicula, urna lacus volutpat massa, nec ultricies massa sapien non massa. Phasellus cursus mattis ante, quis maximus ligula egestas et. Quisque a consectetur nibh, id consequat enim. Etiam at dolor eu quam gravida porttitor. Maecenas eu augue nec velit convallis pellentesque. Nam iaculis odio id massa fermentum laoreet. Etiam sapien nisi, tempor id nulla in, mattis accumsan massa. Phasellus commodo purus faucibus augue semper, sed gravida dolor eleifend. Suspendisse potenti. Aliquam ullamcorper eleifend massa, eget vestibulum ex sodales ac. Cras semper mi ac velit feugiat, in laoreet risus rhoncus.');
insert into post (id, user_id, date_created, content) values (18, 2, '2017-03-08 10:58:42.322', 'Lorem ipsum dolor sit amet, consectetur adipiscing elit. Mauris vehicula et erat et malesuada. Morbi vehicula, nunc at molestie vehicula, urna lacus volutpat massa, nec ultricies massa sapien non massa. Phasellus cursus mattis ante, quis maximus ligula egestas et. Quisque a consectetur nibh, id consequat enim. Etiam at dolor eu quam gravida porttitor. Maecenas eu augue nec velit convallis pellentesque. Nam iaculis odio id massa fermentum laoreet. Etiam sapien nisi, tempor id nulla in, mattis accumsan massa. Phasellus commodo purus faucibus augue semper, sed gravida dolor eleifend. Suspendisse potenti. Aliquam ullamcorper eleifend massa, eget vestibulum ex sodales ac. Cras semper mi ac velit feugiat, in laoreet risus rhoncus.');
insert into post (id, user_id, date_created, content) values (19, 2, '2017-03-08 10:58:42.400', 'Lorem ipsum dolor sit amet, consectetur adipiscing elit. Mauris vehicula et erat et malesuada. Morbi vehicula, nunc at molestie vehicula, urna lacus volutpat massa, nec ultricies massa sapien non massa. Phasellus cursus mattis ante, quis maximus ligula egestas et. Quisque a consectetur nibh, id consequat enim. Etiam at dolor eu quam gravida porttitor. Maecenas eu augue nec velit convallis pellentesque. Nam iaculis odio id massa fermentum laoreet. Etiam sapien nisi, tempor id nulla in, mattis accumsan massa. Phasellus commodo purus faucibus augue semper, sed gravida dolor eleifend. Suspendisse potenti. Aliquam ullamcorper eleifend massa, eget vestibulum ex sodales ac. Cras semper mi ac velit feugiat, in laoreet risus rhoncus.');
insert into post (id, user_id, date_created, content) values (20, 2, '2017-03-08 10:58:42.400', 'Lorem ipsum dolor sit amet, consectetur adipiscing elit. Mauris vehicula et erat et malesuada. Morbi vehicula, nunc at molestie vehicula, urna lacus volutpat massa, nec ultricies massa sapien non massa. Phasellus cursus mattis ante, quis maximus ligula egestas et. Quisque a consectetur nibh, id consequat enim. Etiam at dolor eu quam gravida porttitor. Maecenas eu augue nec velit convallis pellentesque. Nam iaculis odio id massa fermentum laoreet. Etiam sapien nisi, tempor id nulla in, mattis accumsan massa. Phasellus commodo purus faucibus augue semper, sed gravida dolor eleifend. Suspendisse potenti. Aliquam ullamcorper eleifend massa, eget vestibulum ex sodales ac. Cras semper mi ac velit feugiat, in laoreet risus rhoncus.');
insert into post (id, user_id, date_created, content) values (21, 3, '2017-03-08 10:58:42.400', 'Lorem ipsum dolor sit amet, consectetur adipiscing elit. Mauris vehicula et erat et malesuada. Morbi vehicula, nunc at molestie vehicula, urna lacus volutpat massa, nec ultricies massa sapien non massa. Phasellus cursus mattis ante, quis maximus ligula egestas et. Quisque a consectetur nibh, id consequat enim. Etiam at dolor eu quam gravida porttitor. Maecenas eu augue nec velit convallis pellentesque. Nam iaculis odio id massa fermentum laoreet. Etiam sapien nisi, tempor id nulla in, mattis accumsan massa. Phasellus commodo purus faucibus augue semper, sed gravida dolor eleifend. Suspendisse potenti. Aliquam ullamcorper eleifend massa, eget vestibulum ex sodales ac. Cras semper mi ac velit feugiat, in laoreet risus rhoncus.');
insert into post (id, user_id, date_created, content) values (22, 3, '2017-03-08 10:58:42.400', 'Lorem ipsum dolor sit amet, consectetur adipiscing elit. Mauris vehicula et erat et malesuada. Morbi vehicula, nunc at molestie vehicula, urna lacus volutpat massa, nec ultricies massa sapien non massa. Phasellus cursus mattis ante, quis maximus ligula egestas et. Quisque a consectetur nibh, id consequat enim. Etiam at dolor eu quam gravida porttitor. Maecenas eu augue nec velit convallis pellentesque. Nam iaculis odio id massa fermentum laoreet. Etiam sapien nisi, tempor id nulla in, mattis accumsan massa. Phasellus commodo purus faucibus augue semper, sed gravida dolor eleifend. Suspendisse potenti. Aliquam ullamcorper eleifend massa, eget vestibulum ex sodales ac. Cras semper mi ac velit feugiat, in laoreet risus rhoncus.');
insert into post (id, user_id, date_created, content) values (23, 3, '2017-03-08 10:58:42.416', 'Lorem ipsum dolor sit amet, consectetur adipiscing elit. Mauris vehicula et erat et malesuada. Morbi vehicula, nunc at molestie vehicula, urna lacus volutpat massa, nec ultricies massa sapien non massa. Phasellus cursus mattis ante, quis maximus ligula egestas et. Quisque a consectetur nibh, id consequat enim. Etiam at dolor eu quam gravida porttitor. Maecenas eu augue nec velit convallis pellentesque. Nam iaculis odio id massa fermentum laoreet. Etiam sapien nisi, tempor id nulla in, mattis accumsan massa. Phasellus commodo purus faucibus augue semper, sed gravida dolor eleifend. Suspendisse potenti. Aliquam ullamcorper eleifend massa, eget vestibulum ex sodales ac. Cras semper mi ac velit feugiat, in laoreet risus rhoncus.');
insert into post (id, user_id, date_created, content) values (24, 3, '2017-03-08 10:58:42.416', 'Lorem ipsum dolor sit amet, consectetur adipiscing elit. Mauris vehicula et erat et malesuada. Morbi vehicula, nunc at molestie vehicula, urna lacus volutpat massa, nec ultricies massa sapien non massa. Phasellus cursus mattis ante, quis maximus ligula egestas et. Quisque a consectetur nibh, id consequat enim. Etiam at dolor eu quam gravida porttitor. Maecenas eu augue nec velit convallis pellentesque. Nam iaculis odio id massa fermentum laoreet. Etiam sapien nisi, tempor id nulla in, mattis accumsan massa. Phasellus commodo purus faucibus augue semper, sed gravida dolor eleifend. Suspendisse potenti. Aliquam ullamcorper eleifend massa, eget vestibulum ex sodales ac. Cras semper mi ac velit feugiat, in laoreet risus rhoncus.');
insert into post (id, user_id, date_created, content) values (25, 3, '2017-03-08 10:58:42.416', 'Lorem ipsum dolor sit amet, consectetur adipiscing elit. Mauris vehicula et erat et malesuada. Morbi vehicula, nunc at molestie vehicula, urna lacus volutpat massa, nec ultricies massa sapien non massa. Phasellus cursus mattis ante, quis maximus ligula egestas et. Quisque a consectetur nibh, id consequat enim. Etiam at dolor eu quam gravida porttitor. Maecenas eu augue nec velit convallis pellentesque. Nam iaculis odio id massa fermentum laoreet. Etiam sapien nisi, tempor id nulla in, mattis accumsan massa. Phasellus commodo purus faucibus augue semper, sed gravida dolor eleifend. Suspendisse potenti. Aliquam ullamcorper eleifend massa, eget vestibulum ex sodales ac. Cras semper mi ac velit feugiat, in laoreet risus rhoncus.');
insert into post (id, user_id, date_created, content) values (26, 3, '2017-03-08 10:58:42.416', 'Lorem ipsum dolor sit amet, consectetur adipiscing elit. Mauris vehicula et erat et malesuada. Morbi vehicula, nunc at molestie vehicula, urna lacus volutpat massa, nec ultricies massa sapien non massa. Phasellus cursus mattis ante, quis maximus ligula egestas et. Quisque a consectetur nibh, id consequat enim. Etiam at dolor eu quam gravida porttitor. Maecenas eu augue nec velit convallis pellentesque. Nam iaculis odio id massa fermentum laoreet. Etiam sapien nisi, tempor id nulla in, mattis accumsan massa. Phasellus commodo purus faucibus augue semper, sed gravida dolor eleifend. Suspendisse potenti. Aliquam ullamcorper eleifend massa, eget vestibulum ex sodales ac. Cras semper mi ac velit feugiat, in laoreet risus rhoncus.');
insert into post (id, user_id, date_created, content) values (27, 3, '2017-03-08 10:58:42.416', 'Lorem ipsum dolor sit amet, consectetur adipiscing elit. Mauris vehicula et erat et malesuada. Morbi vehicula, nunc at molestie vehicula, urna lacus volutpat massa, nec ultricies massa sapien non massa. Phasellus cursus mattis ante, quis maximus ligula egestas et. Quisque a consectetur nibh, id consequat enim. Etiam at dolor eu quam gravida porttitor. Maecenas eu augue nec velit convallis pellentesque. Nam iaculis odio id massa fermentum laoreet. Etiam sapien nisi, tempor id nulla in, mattis accumsan massa. Phasellus commodo purus faucibus augue semper, sed gravida dolor eleifend. Suspendisse potenti. Aliquam ullamcorper eleifend massa, eget vestibulum ex sodales ac. Cras semper mi ac velit feugiat, in laoreet risus rhoncus.');
insert into post (id, user_id, date_created, content) values (28, 3, '2017-03-08 10:58:42.416', 'Lorem ipsum dolor sit amet, consectetur adipiscing elit. Mauris vehicula et erat et malesuada. Morbi vehicula, nunc at molestie vehicula, urna lacus volutpat massa, nec ultricies massa sapien non massa. Phasellus cursus mattis ante, quis maximus ligula egestas et. Quisque a consectetur nibh, id consequat enim. Etiam at dolor eu quam gravida porttitor. Maecenas eu augue nec velit convallis pellentesque. Nam iaculis odio id massa fermentum laoreet. Etiam sapien nisi, tempor id nulla in, mattis accumsan massa. Phasellus commodo purus faucibus augue semper, sed gravida dolor eleifend. Suspendisse potenti. Aliquam ullamcorper eleifend massa, eget vestibulum ex sodales ac. Cras semper mi ac velit feugiat, in laoreet risus rhoncus.');
insert into post (id, user_id, date_created, content) values (29, 3, '2017-03-08 10:58:42.416', 'Lorem ipsum dolor sit amet, consectetur adipiscing elit. Mauris vehicula et erat et malesuada. Morbi vehicula, nunc at molestie vehicula, urna lacus volutpat massa, nec ultricies massa sapien non massa. Phasellus cursus mattis ante, quis maximus ligula egestas et. Quisque a consectetur nibh, id consequat enim. Etiam at dolor eu quam gravida porttitor. Maecenas eu augue nec velit convallis pellentesque. Nam iaculis odio id massa fermentum laoreet. Etiam sapien nisi, tempor id nulla in, mattis accumsan massa. Phasellus commodo purus faucibus augue semper, sed gravida dolor eleifend. Suspendisse potenti. Aliquam ullamcorper eleifend massa, eget vestibulum ex sodales ac. Cras semper mi ac velit feugiat, in laoreet risus rhoncus.');
insert into post (id, user_id, date_created, content) values (30, 3, '2017-03-08 10:58:42.416', 'Lorem ipsum dolor sit amet, consectetur adipiscing elit. Mauris vehicula et erat et malesuada. Morbi vehicula, nunc at molestie vehicula, urna lacus volutpat massa, nec ultricies massa sapien non massa. Phasellus cursus mattis ante, quis maximus ligula egestas et. Quisque a consectetur nibh, id consequat enim. Etiam at dolor eu quam gravida porttitor. Maecenas eu augue nec velit convallis pellentesque. Nam iaculis odio id massa fermentum laoreet. Etiam sapien nisi, tempor id nulla in, mattis accumsan massa. Phasellus commodo purus faucibus augue semper, sed gravida dolor eleifend. Suspendisse potenti. Aliquam ullamcorper eleifend massa, eget vestibulum ex sodales ac. Cras semper mi ac velit feugiat, in laoreet risus rhoncus.');
insert into post (id, user_id, date_created, content) values (31, 4, '2017-03-08 10:58:42.416', 'Lorem ipsum dolor sit amet, consectetur adipiscing elit. Mauris vehicula et erat et malesuada. Morbi vehicula, nunc at molestie vehicula, urna lacus volutpat massa, nec ultricies massa sapien non massa. Phasellus cursus mattis ante, quis maximus ligula egestas et. Quisque a consectetur nibh, id consequat enim. Etiam at dolor eu quam gravida porttitor. Maecenas eu augue nec velit convallis pellentesque. Nam iaculis odio id massa fermentum laoreet. Etiam sapien nisi, tempor id nulla in, mattis accumsan massa. Phasellus commodo purus faucibus augue semper, sed gravida dolor eleifend. Suspendisse potenti. Aliquam ullamcorper eleifend massa, eget vestibulum ex sodales ac. Cras semper mi ac velit feugiat, in laoreet risus rhoncus.');
insert into post (id, user_id, date_created, content) values (32, 4, '2017-03-08 10:58:42.416', 'Lorem ipsum dolor sit amet, consectetur adipiscing elit. Mauris vehicula et erat et malesuada. Morbi vehicula, nunc at molestie vehicula, urna lacus volutpat massa, nec ultricies massa sapien non massa. Phasellus cursus mattis ante, quis maximus ligula egestas et. Quisque a consectetur nibh, id consequat enim. Etiam at dolor eu quam gravida porttitor. Maecenas eu augue nec velit convallis pellentesque. Nam iaculis odio id massa fermentum laoreet. Etiam sapien nisi, tempor id nulla in, mattis accumsan massa. Phasellus commodo purus faucibus augue semper, sed gravida dolor eleifend. Suspendisse potenti. Aliquam ullamcorper eleifend massa, eget vestibulum ex sodales ac. Cras semper mi ac velit feugiat, in laoreet risus rhoncus.');
insert into post (id, user_id, date_created, content) values (33, 4, '2017-03-08 10:58:42.416', 'Lorem ipsum dolor sit amet, consectetur adipiscing elit. Mauris vehicula et erat et malesuada. Morbi vehicula, nunc at molestie vehicula, urna lacus volutpat massa, nec ultricies massa sapien non massa. Phasellus cursus mattis ante, quis maximus ligula egestas et. Quisque a consectetur nibh, id consequat enim. Etiam at dolor eu quam gravida porttitor. Maecenas eu augue nec velit convallis pellentesque. Nam iaculis odio id massa fermentum laoreet. Etiam sapien nisi, tempor id nulla in, mattis accumsan massa. Phasellus commodo purus faucibus augue semper, sed gravida dolor eleifend. Suspendisse potenti. Aliquam ullamcorper eleifend massa, eget vestibulum ex sodales ac. Cras semper mi ac velit feugiat, in laoreet risus rhoncus.');
insert into post (id, user_id, date_created, content) values (34, 4, '2017-03-08 10:58:42.416', 'Lorem ipsum dolor sit amet, consectetur adipiscing elit. Mauris vehicula et erat et malesuada. Morbi vehicula, nunc at molestie vehicula, urna lacus volutpat massa, nec ultricies massa sapien non massa. Phasellus cursus mattis ante, quis maximus ligula egestas et. Quisque a consectetur nibh, id consequat enim. Etiam at dolor eu quam gravida porttitor. Maecenas eu augue nec velit convallis pellentesque. Nam iaculis odio id massa fermentum laoreet. Etiam sapien nisi, tempor id nulla in, mattis accumsan massa. Phasellus commodo purus faucibus augue semper, sed gravida dolor eleifend. Suspendisse potenti. Aliquam ullamcorper eleifend massa, eget vestibulum ex sodales ac. Cras semper mi ac velit feugiat, in laoreet risus rhoncus.');
insert into post (id, user_id, date_created, content) values (35, 4, '2017-03-08 10:58:42.416', 'Lorem ipsum dolor sit amet, consectetur adipiscing elit. Mauris vehicula et erat et malesuada. Morbi vehicula, nunc at molestie vehicula, urna lacus volutpat massa, nec ultricies massa sapien non massa. Phasellus cursus mattis ante, quis maximus ligula egestas et. Quisque a consectetur nibh, id consequat enim. Etiam at dolor eu quam gravida porttitor. Maecenas eu augue nec velit convallis pellentesque. Nam iaculis odio id massa fermentum laoreet. Etiam sapien nisi, tempor id nulla in, mattis accumsan massa. Phasellus commodo purus faucibus augue semper, sed gravida dolor eleifend. Suspendisse potenti. Aliquam ullamcorper eleifend massa, eget vestibulum ex sodales ac. Cras semper mi ac velit feugiat, in laoreet risus rhoncus.');
insert into post (id, user_id, date_created, content) values (36, 4, '2017-03-08 10:58:42.416', 'Lorem ipsum dolor sit amet, consectetur adipiscing elit. Mauris vehicula et erat et malesuada. Morbi vehicula, nunc at molestie vehicula, urna lacus volutpat massa, nec ultricies massa sapien non massa. Phasellus cursus mattis ante, quis maximus ligula egestas et. Quisque a consectetur nibh, id consequat enim. Etiam at dolor eu quam gravida porttitor. Maecenas eu augue nec velit convallis pellentesque. Nam iaculis odio id massa fermentum laoreet. Etiam sapien nisi, tempor id nulla in, mattis accumsan massa. Phasellus commodo purus faucibus augue semper, sed gravida dolor eleifend. Suspendisse potenti. Aliquam ullamcorper eleifend massa, eget vestibulum ex sodales ac. Cras semper mi ac velit feugiat, in laoreet risus rhoncus.');
insert into post (id, user_id, date_created, content) values (37, 4, '2017-03-08 10:58:42.416', 'Lorem ipsum dolor sit amet, consectetur adipiscing elit. Mauris vehicula et erat et malesuada. Morbi vehicula, nunc at molestie vehicula, urna lacus volutpat massa, nec ultricies massa sapien non massa. Phasellus cursus mattis ante, quis maximus ligula egestas et. Quisque a consectetur nibh, id consequat enim. Etiam at dolor eu quam gravida porttitor. Maecenas eu augue nec velit convallis pellentesque. Nam iaculis odio id massa fermentum laoreet. Etiam sapien nisi, tempor id nulla in, mattis accumsan massa. Phasellus commodo purus faucibus augue semper, sed gravida dolor eleifend. Suspendisse potenti. Aliquam ullamcorper eleifend massa, eget vestibulum ex sodales ac. Cras semper mi ac velit feugiat, in laoreet risus rhoncus.');
insert into post (id, user_id, date_created, content) values (38, 4, '2017-03-08 10:58:42.416', 'Lorem ipsum dolor sit amet, consectetur adipiscing elit. Mauris vehicula et erat et malesuada. Morbi vehicula, nunc at molestie vehicula, urna lacus volutpat massa, nec ultricies massa sapien non massa. Phasellus cursus mattis ante, quis maximus ligula egestas et. Quisque a consectetur nibh, id consequat enim. Etiam at dolor eu quam gravida porttitor. Maecenas eu augue nec velit convallis pellentesque. Nam iaculis odio id massa fermentum laoreet. Etiam sapien nisi, tempor id nulla in, mattis accumsan massa. Phasellus commodo purus faucibus augue semper, sed gravida dolor eleifend. Suspendisse potenti. Aliquam ullamcorper eleifend massa, eget vestibulum ex sodales ac. Cras semper mi ac velit feugiat, in laoreet risus rhoncus.');
insert into post (id, user_id, date_created, content) values (39, 4, '2017-03-08 10:58:42.416', 'Lorem ipsum dolor sit amet, consectetur adipiscing elit. Mauris vehicula et erat et malesuada. Morbi vehicula, nunc at molestie vehicula, urna lacus volutpat massa, nec ultricies massa sapien non massa. Phasellus cursus mattis ante, quis maximus ligula egestas et. Quisque a consectetur nibh, id consequat enim. Etiam at dolor eu quam gravida porttitor. Maecenas eu augue nec velit convallis pellentesque. Nam iaculis odio id massa fermentum laoreet. Etiam sapien nisi, tempor id nulla in, mattis accumsan massa. Phasellus commodo purus faucibus augue semper, sed gravida dolor eleifend. Suspendisse potenti. Aliquam ullamcorper eleifend massa, eget vestibulum ex sodales ac. Cras semper mi ac velit feugiat, in laoreet risus rhoncus.');
insert into post (id, user_id, date_created, content) values (40, 4, '2017-03-08 10:58:42.416', 'Lorem ipsum dolor sit amet, consectetur adipiscing elit. Mauris vehicula et erat et malesuada. Morbi vehicula, nunc at molestie vehicula, urna lacus volutpat massa, nec ultricies massa sapien non massa. Phasellus cursus mattis ante, quis maximus ligula egestas et. Quisque a consectetur nibh, id consequat enim. Etiam at dolor eu quam gravida porttitor. Maecenas eu augue nec velit convallis pellentesque. Nam iaculis odio id massa fermentum laoreet. Etiam sapien nisi, tempor id nulla in, mattis accumsan massa. Phasellus commodo purus faucibus augue semper, sed gravida dolor eleifend. Suspendisse potenti. Aliquam ullamcorper eleifend massa, eget vestibulum ex sodales ac. Cras semper mi ac velit feugiat, in laoreet risus rhoncus.');
insert into post (id, user_id, date_created, content) values (41, 5, '2017-03-08 10:58:42.416', 'Lorem ipsum dolor sit amet, consectetur adipiscing elit. Mauris vehicula et erat et malesuada. Morbi vehicula, nunc at molestie vehicula, urna lacus volutpat massa, nec ultricies massa sapien non massa. Phasellus cursus mattis ante, quis maximus ligula egestas et. Quisque a consectetur nibh, id consequat enim. Etiam at dolor eu quam gravida porttitor. Maecenas eu augue nec velit convallis pellentesque. Nam iaculis odio id massa fermentum laoreet. Etiam sapien nisi, tempor id nulla in, mattis accumsan massa. Phasellus commodo purus faucibus augue semper, sed gravida dolor eleifend. Suspendisse potenti. Aliquam ullamcorper eleifend massa, eget vestibulum ex sodales ac. Cras semper mi ac velit feugiat, in laoreet risus rhoncus.');
insert into post (id, user_id, date_created, content) values (42, 5, '2017-03-08 10:58:42.447', 'Lorem ipsum dolor sit amet, consectetur adipiscing elit. Mauris vehicula et erat et malesuada. Morbi vehicula, nunc at molestie vehicula, urna lacus volutpat massa, nec ultricies massa sapien non massa. Phasellus cursus mattis ante, quis maximus ligula egestas et. Quisque a consectetur nibh, id consequat enim. Etiam at dolor eu quam gravida porttitor. Maecenas eu augue nec velit convallis pellentesque. Nam iaculis odio id massa fermentum laoreet. Etiam sapien nisi, tempor id nulla in, mattis accumsan massa. Phasellus commodo purus faucibus augue semper, sed gravida dolor eleifend. Suspendisse potenti. Aliquam ullamcorper eleifend massa, eget vestibulum ex sodales ac. Cras semper mi ac velit feugiat, in laoreet risus rhoncus.');
insert into post (id, user_id, date_created, content) values (43, 5, '2017-03-08 10:58:42.447', 'Lorem ipsum dolor sit amet, consectetur adipiscing elit. Mauris vehicula et erat et malesuada. Morbi vehicula, nunc at molestie vehicula, urna lacus volutpat massa, nec ultricies massa sapien non massa. Phasellus cursus mattis ante, quis maximus ligula egestas et. Quisque a consectetur nibh, id consequat enim. Etiam at dolor eu quam gravida porttitor. Maecenas eu augue nec velit convallis pellentesque. Nam iaculis odio id massa fermentum laoreet. Etiam sapien nisi, tempor id nulla in, mattis accumsan massa. Phasellus commodo purus faucibus augue semper, sed gravida dolor eleifend. Suspendisse potenti. Aliquam ullamcorper eleifend massa, eget vestibulum ex sodales ac. Cras semper mi ac velit feugiat, in laoreet risus rhoncus.');
insert into post (id, user_id, date_created, content) values (44, 5, '2017-03-08 10:58:42.447', 'Lorem ipsum dolor sit amet, consectetur adipiscing elit. Mauris vehicula et erat et malesuada. Morbi vehicula, nunc at molestie vehicula, urna lacus volutpat massa, nec ultricies massa sapien non massa. Phasellus cursus mattis ante, quis maximus ligula egestas et. Quisque a consectetur nibh, id consequat enim. Etiam at dolor eu quam gravida porttitor. Maecenas eu augue nec velit convallis pellentesque. Nam iaculis odio id massa fermentum laoreet. Etiam sapien nisi, tempor id nulla in, mattis accumsan massa. Phasellus commodo purus faucibus augue semper, sed gravida dolor eleifend. Suspendisse potenti. Aliquam ullamcorper eleifend massa, eget vestibulum ex sodales ac. Cras semper mi ac velit feugiat, in laoreet risus rhoncus.');
insert into post (id, user_id, date_created, content) values (45, 5, '2017-03-08 10:58:42.447', 'Lorem ipsum dolor sit amet, consectetur adipiscing elit. Mauris vehicula et erat et malesuada. Morbi vehicula, nunc at molestie vehicula, urna lacus volutpat massa, nec ultricies massa sapien non massa. Phasellus cursus mattis ante, quis maximus ligula egestas et. Quisque a consectetur nibh, id consequat enim. Etiam at dolor eu quam gravida porttitor. Maecenas eu augue nec velit convallis pellentesque. Nam iaculis odio id massa fermentum laoreet. Etiam sapien nisi, tempor id nulla in, mattis accumsan massa. Phasellus commodo purus faucibus augue semper, sed gravida dolor eleifend. Suspendisse potenti. Aliquam ullamcorper eleifend massa, eget vestibulum ex sodales ac. Cras semper mi ac velit feugiat, in laoreet risus rhoncus.');
insert into post (id, user_id, date_created, content) values (46, 5, '2017-03-08 10:58:42.447', 'Lorem ipsum dolor sit amet, consectetur adipiscing elit. Mauris vehicula et erat et malesuada. Morbi vehicula, nunc at molestie vehicula, urna lacus volutpat massa, nec ultricies massa sapien non massa. Phasellus cursus mattis ante, quis maximus ligula egestas et. Quisque a consectetur nibh, id consequat enim. Etiam at dolor eu quam gravida porttitor. Maecenas eu augue nec velit convallis pellentesque. Nam iaculis odio id massa fermentum laoreet. Etiam sapien nisi, tempor id nulla in, mattis accumsan massa. Phasellus commodo purus faucibus augue semper, sed gravida dolor eleifend. Suspendisse potenti. Aliquam ullamcorper eleifend massa, eget vestibulum ex sodales ac. Cras semper mi ac velit feugiat, in laoreet risus rhoncus.');
insert into post (id, user_id, date_created, content) values (47, 5, '2017-03-08 10:58:42.447', 'Lorem ipsum dolor sit amet, consectetur adipiscing elit. Mauris vehicula et erat et malesuada. Morbi vehicula, nunc at molestie vehicula, urna lacus volutpat massa, nec ultricies massa sapien non massa. Phasellus cursus mattis ante, quis maximus ligula egestas et. Quisque a consectetur nibh, id consequat enim. Etiam at dolor eu quam gravida porttitor. Maecenas eu augue nec velit convallis pellentesque. Nam iaculis odio id massa fermentum laoreet. Etiam sapien nisi, tempor id nulla in, mattis accumsan massa. Phasellus commodo purus faucibus augue semper, sed gravida dolor eleifend. Suspendisse potenti. Aliquam ullamcorper eleifend massa, eget vestibulum ex sodales ac. Cras semper mi ac velit feugiat, in laoreet risus rhoncus.');
insert into post (id, user_id, date_created, content) values (48, 5, '2017-03-08 10:58:42.447', 'Lorem ipsum dolor sit amet, consectetur adipiscing elit. Mauris vehicula et erat et malesuada. Morbi vehicula, nunc at molestie vehicula, urna lacus volutpat massa, nec ultricies massa sapien non massa. Phasellus cursus mattis ante, quis maximus ligula egestas et. Quisque a consectetur nibh, id consequat enim. Etiam at dolor eu quam gravida porttitor. Maecenas eu augue nec velit convallis pellentesque. Nam iaculis odio id massa fermentum laoreet. Etiam sapien nisi, tempor id nulla in, mattis accumsan massa. Phasellus commodo purus faucibus augue semper, sed gravida dolor eleifend. Suspendisse potenti. Aliquam ullamcorper eleifend massa, eget vestibulum ex sodales ac. Cras semper mi ac velit feugiat, in laoreet risus rhoncus.');
insert into post (id, user_id, date_created, content) values (49, 5, '2017-03-08 10:58:42.447', 'Lorem ipsum dolor sit amet, consectetur adipiscing elit. Mauris vehicula et erat et malesuada. Morbi vehicula, nunc at molestie vehicula, urna lacus volutpat massa, nec ultricies massa sapien non massa. Phasellus cursus mattis ante, quis maximus ligula egestas et. Quisque a consectetur nibh, id consequat enim. Etiam at dolor eu quam gravida porttitor. Maecenas eu augue nec velit convallis pellentesque. Nam iaculis odio id massa fermentum laoreet. Etiam sapien nisi, tempor id nulla in, mattis accumsan massa. Phasellus commodo purus faucibus augue semper, sed gravida dolor eleifend. Suspendisse potenti. Aliquam ullamcorper eleifend massa, eget vestibulum ex sodales ac. Cras semper mi ac velit feugiat, in laoreet risus rhoncus.');
insert into post (id, user_id, date_created, content) values (50, 5, '2017-03-08 10:58:42.447', 'Lorem ipsum dolor sit amet, consectetur adipiscing elit. Mauris vehicula et erat et malesuada. Morbi vehicula, nunc at molestie vehicula, urna lacus volutpat massa, nec ultricies massa sapien non massa. Phasellus cursus mattis ante, quis maximus ligula egestas et. Quisque a consectetur nibh, id consequat enim. Etiam at dolor eu quam gravida porttitor. Maecenas eu augue nec velit convallis pellentesque. Nam iaculis odio id massa fermentum laoreet. Etiam sapien nisi, tempor id nulla in, mattis accumsan massa. Phasellus commodo purus faucibus augue semper, sed gravida dolor eleifend. Suspendisse potenti. Aliquam ullamcorper eleifend massa, eget vestibulum ex sodales ac. Cras semper mi ac velit feugiat, in laoreet risus rhoncus.');
insert into post (id, user_id, date_created, content) values (51, 6, '2017-03-08 10:58:42.447', 'Lorem ipsum dolor sit amet, consectetur adipiscing elit. Mauris vehicula et erat et malesuada. Morbi vehicula, nunc at molestie vehicula, urna lacus volutpat massa, nec ultricies massa sapien non massa. Phasellus cursus mattis ante, quis maximus ligula egestas et. Quisque a consectetur nibh, id consequat enim. Etiam at dolor eu quam gravida porttitor. Maecenas eu augue nec velit convallis pellentesque. Nam iaculis odio id massa fermentum laoreet. Etiam sapien nisi, tempor id nulla in, mattis accumsan massa. Phasellus commodo purus faucibus augue semper, sed gravida dolor eleifend. Suspendisse potenti. Aliquam ullamcorper eleifend massa, eget vestibulum ex sodales ac. Cras semper mi ac velit feugiat, in laoreet risus rhoncus.');
insert into post (id, user_id, date_created, content) values (52, 6, '2017-03-08 10:58:42.463', 'Lorem ipsum dolor sit amet, consectetur adipiscing elit. Mauris vehicula et erat et malesuada. Morbi vehicula, nunc at molestie vehicula, urna lacus volutpat massa, nec ultricies massa sapien non massa. Phasellus cursus mattis ante, quis maximus ligula egestas et. Quisque a consectetur nibh, id consequat enim. Etiam at dolor eu quam gravida porttitor. Maecenas eu augue nec velit convallis pellentesque. Nam iaculis odio id massa fermentum laoreet. Etiam sapien nisi, tempor id nulla in, mattis accumsan massa. Phasellus commodo purus faucibus augue semper, sed gravida dolor eleifend. Suspendisse potenti. Aliquam ullamcorper eleifend massa, eget vestibulum ex sodales ac. Cras semper mi ac velit feugiat, in laoreet risus rhoncus.');
insert into post (id, user_id, date_created, content) values (53, 6, '2017-03-08 10:58:42.463', 'Lorem ipsum dolor sit amet, consectetur adipiscing elit. Mauris vehicula et erat et malesuada. Morbi vehicula, nunc at molestie vehicula, urna lacus volutpat massa, nec ultricies massa sapien non massa. Phasellus cursus mattis ante, quis maximus ligula egestas et. Quisque a consectetur nibh, id consequat enim. Etiam at dolor eu quam gravida porttitor. Maecenas eu augue nec velit convallis pellentesque. Nam iaculis odio id massa fermentum laoreet. Etiam sapien nisi, tempor id nulla in, mattis accumsan massa. Phasellus commodo purus faucibus augue semper, sed gravida dolor eleifend. Suspendisse potenti. Aliquam ullamcorper eleifend massa, eget vestibulum ex sodales ac. Cras semper mi ac velit feugiat, in laoreet risus rhoncus.');
insert into post (id, user_id, date_created, content) values (54, 6, '2017-03-08 10:58:42.463', 'Lorem ipsum dolor sit amet, consectetur adipiscing elit. Mauris vehicula et erat et malesuada. Morbi vehicula, nunc at molestie vehicula, urna lacus volutpat massa, nec ultricies massa sapien non massa. Phasellus cursus mattis ante, quis maximus ligula egestas et. Quisque a consectetur nibh, id consequat enim. Etiam at dolor eu quam gravida porttitor. Maecenas eu augue nec velit convallis pellentesque. Nam iaculis odio id massa fermentum laoreet. Etiam sapien nisi, tempor id nulla in, mattis accumsan massa. Phasellus commodo purus faucibus augue semper, sed gravida dolor eleifend. Suspendisse potenti. Aliquam ullamcorper eleifend massa, eget vestibulum ex sodales ac. Cras semper mi ac velit feugiat, in laoreet risus rhoncus.');
insert into post (id, user_id, date_created, content) values (55, 6, '2017-03-08 10:58:42.463', 'Lorem ipsum dolor sit amet, consectetur adipiscing elit. Mauris vehicula et erat et malesuada. Morbi vehicula, nunc at molestie vehicula, urna lacus volutpat massa, nec ultricies massa sapien non massa. Phasellus cursus mattis ante, quis maximus ligula egestas et. Quisque a consectetur nibh, id consequat enim. Etiam at dolor eu quam gravida porttitor. Maecenas eu augue nec velit convallis pellentesque. Nam iaculis odio id massa fermentum laoreet. Etiam sapien nisi, tempor id nulla in, mattis accumsan massa. Phasellus commodo purus faucibus augue semper, sed gravida dolor eleifend. Suspendisse potenti. Aliquam ullamcorper eleifend massa, eget vestibulum ex sodales ac. Cras semper mi ac velit feugiat, in laoreet risus rhoncus.');
insert into post (id, user_id, date_created, content) values (56, 6, '2017-03-08 10:58:42.463', 'Lorem ipsum dolor sit amet, consectetur adipiscing elit. Mauris vehicula et erat et malesuada. Morbi vehicula, nunc at molestie vehicula, urna lacus volutpat massa, nec ultricies massa sapien non massa. Phasellus cursus mattis ante, quis maximus ligula egestas et. Quisque a consectetur nibh, id consequat enim. Etiam at dolor eu quam gravida porttitor. Maecenas eu augue nec velit convallis pellentesque. Nam iaculis odio id massa fermentum laoreet. Etiam sapien nisi, tempor id nulla in, mattis accumsan massa. Phasellus commodo purus faucibus augue semper, sed gravida dolor eleifend. Suspendisse potenti. Aliquam ullamcorper eleifend massa, eget vestibulum ex sodales ac. Cras semper mi ac velit feugiat, in laoreet risus rhoncus.');
insert into post (id, user_id, date_created, content) values (57, 6, '2017-03-08 10:58:42.463', 'Lorem ipsum dolor sit amet, consectetur adipiscing elit. Mauris vehicula et erat et malesuada. Morbi vehicula, nunc at molestie vehicula, urna lacus volutpat massa, nec ultricies massa sapien non massa. Phasellus cursus mattis ante, quis maximus ligula egestas et. Quisque a consectetur nibh, id consequat enim. Etiam at dolor eu quam gravida porttitor. Maecenas eu augue nec velit convallis pellentesque. Nam iaculis odio id massa fermentum laoreet. Etiam sapien nisi, tempor id nulla in, mattis accumsan massa. Phasellus commodo purus faucibus augue semper, sed gravida dolor eleifend. Suspendisse potenti. Aliquam ullamcorper eleifend massa, eget vestibulum ex sodales ac. Cras semper mi ac velit feugiat, in laoreet risus rhoncus.');
insert into post (id, user_id, date_created, content) values (58, 6, '2017-03-08 10:58:42.463', 'Lorem ipsum dolor sit amet, consectetur adipiscing elit. Mauris vehicula et erat et malesuada. Morbi vehicula, nunc at molestie vehicula, urna lacus volutpat massa, nec ultricies massa sapien non massa. Phasellus cursus mattis ante, quis maximus ligula egestas et. Quisque a consectetur nibh, id consequat enim. Etiam at dolor eu quam gravida porttitor. Maecenas eu augue nec velit convallis pellentesque. Nam iaculis odio id massa fermentum laoreet. Etiam sapien nisi, tempor id nulla in, mattis accumsan massa. Phasellus commodo purus faucibus augue semper, sed gravida dolor eleifend. Suspendisse potenti. Aliquam ullamcorper eleifend massa, eget vestibulum ex sodales ac. Cras semper mi ac velit feugiat, in laoreet risus rhoncus.');
insert into post (id, user_id, date_created, content) values (59, 6, '2017-03-08 10:58:42.463', 'Lorem ipsum dolor sit amet, consectetur adipiscing elit. Mauris vehicula et erat et malesuada. Morbi vehicula, nunc at molestie vehicula, urna lacus volutpat massa, nec ultricies massa sapien non massa. Phasellus cursus mattis ante, quis maximus ligula egestas et. Quisque a consectetur nibh, id consequat enim. Etiam at dolor eu quam gravida porttitor. Maecenas eu augue nec velit convallis pellentesque. Nam iaculis odio id massa fermentum laoreet. Etiam sapien nisi, tempor id nulla in, mattis accumsan massa. Phasellus commodo purus faucibus augue semper, sed gravida dolor eleifend. Suspendisse potenti. Aliquam ullamcorper eleifend massa, eget vestibulum ex sodales ac. Cras semper mi ac velit feugiat, in laoreet risus rhoncus.');
insert into post (id, user_id, date_created, content) values (60, 6, '2017-03-08 10:58:42.479', 'Lorem ipsum dolor sit amet, consectetur adipiscing elit. Mauris vehicula et erat et malesuada. Morbi vehicula, nunc at molestie vehicula, urna lacus volutpat massa, nec ultricies massa sapien non massa. Phasellus cursus mattis ante, quis maximus ligula egestas et. Quisque a consectetur nibh, id consequat enim. Etiam at dolor eu quam gravida porttitor. Maecenas eu augue nec velit convallis pellentesque. Nam iaculis odio id massa fermentum laoreet. Etiam sapien nisi, tempor id nulla in, mattis accumsan massa. Phasellus commodo purus faucibus augue semper, sed gravida dolor eleifend. Suspendisse potenti. Aliquam ullamcorper eleifend massa, eget vestibulum ex sodales ac. Cras semper mi ac velit feugiat, in laoreet risus rhoncus.');
insert into post (id, user_id, date_created, content) values (61, 7, '2017-03-08 10:58:42.479', 'Lorem ipsum dolor sit amet, consectetur adipiscing elit. Mauris vehicula et erat et malesuada. Morbi vehicula, nunc at molestie vehicula, urna lacus volutpat massa, nec ultricies massa sapien non massa. Phasellus cursus mattis ante, quis maximus ligula egestas et. Quisque a consectetur nibh, id consequat enim. Etiam at dolor eu quam gravida porttitor. Maecenas eu augue nec velit convallis pellentesque. Nam iaculis odio id massa fermentum laoreet. Etiam sapien nisi, tempor id nulla in, mattis accumsan massa. Phasellus commodo purus faucibus augue semper, sed gravida dolor eleifend. Suspendisse potenti. Aliquam ullamcorper eleifend massa, eget vestibulum ex sodales ac. Cras semper mi ac velit feugiat, in laoreet risus rhoncus.');
insert into post (id, user_id, date_created, content) values (62, 7, '2017-03-08 10:58:42.479', 'Lorem ipsum dolor sit amet, consectetur adipiscing elit. Mauris vehicula et erat et malesuada. Morbi vehicula, nunc at molestie vehicula, urna lacus volutpat massa, nec ultricies massa sapien non massa. Phasellus cursus mattis ante, quis maximus ligula egestas et. Quisque a consectetur nibh, id consequat enim. Etiam at dolor eu quam gravida porttitor. Maecenas eu augue nec velit convallis pellentesque. Nam iaculis odio id massa fermentum laoreet. Etiam sapien nisi, tempor id nulla in, mattis accumsan massa. Phasellus commodo purus faucibus augue semper, sed gravida dolor eleifend. Suspendisse potenti. Aliquam ullamcorper eleifend massa, eget vestibulum ex sodales ac. Cras semper mi ac velit feugiat, in laoreet risus rhoncus.');
insert into post (id, user_id, date_created, content) values (63, 7, '2017-03-08 10:58:42.479', 'Lorem ipsum dolor sit amet, consectetur adipiscing elit. Mauris vehicula et erat et malesuada. Morbi vehicula, nunc at molestie vehicula, urna lacus volutpat massa, nec ultricies massa sapien non massa. Phasellus cursus mattis ante, quis maximus ligula egestas et. Quisque a consectetur nibh, id consequat enim. Etiam at dolor eu quam gravida porttitor. Maecenas eu augue nec velit convallis pellentesque. Nam iaculis odio id massa fermentum laoreet. Etiam sapien nisi, tempor id nulla in, mattis accumsan massa. Phasellus commodo purus faucibus augue semper, sed gravida dolor eleifend. Suspendisse potenti. Aliquam ullamcorper eleifend massa, eget vestibulum ex sodales ac. Cras semper mi ac velit feugiat, in laoreet risus rhoncus.');
insert into post (id, user_id, date_created, content) values (64, 7, '2017-03-08 10:58:42.479', 'Lorem ipsum dolor sit amet, consectetur adipiscing elit. Mauris vehicula et erat et malesuada. Morbi vehicula, nunc at molestie vehicula, urna lacus volutpat massa, nec ultricies massa sapien non massa. Phasellus cursus mattis ante, quis maximus ligula egestas et. Quisque a consectetur nibh, id consequat enim. Etiam at dolor eu quam gravida porttitor. Maecenas eu augue nec velit convallis pellentesque. Nam iaculis odio id massa fermentum laoreet. Etiam sapien nisi, tempor id nulla in, mattis accumsan massa. Phasellus commodo purus faucibus augue semper, sed gravida dolor eleifend. Suspendisse potenti. Aliquam ullamcorper eleifend massa, eget vestibulum ex sodales ac. Cras semper mi ac velit feugiat, in laoreet risus rhoncus.');
insert into post (id, user_id, date_created, content) values (65, 7, '2017-03-08 10:58:42.479', 'Lorem ipsum dolor sit amet, consectetur adipiscing elit. Mauris vehicula et erat et malesuada. Morbi vehicula, nunc at molestie vehicula, urna lacus volutpat massa, nec ultricies massa sapien non massa. Phasellus cursus mattis ante, quis maximus ligula egestas et. Quisque a consectetur nibh, id consequat enim. Etiam at dolor eu quam gravida porttitor. Maecenas eu augue nec velit convallis pellentesque. Nam iaculis odio id massa fermentum laoreet. Etiam sapien nisi, tempor id nulla in, mattis accumsan massa. Phasellus commodo purus faucibus augue semper, sed gravida dolor eleifend. Suspendisse potenti. Aliquam ullamcorper eleifend massa, eget vestibulum ex sodales ac. Cras semper mi ac velit feugiat, in laoreet risus rhoncus.');
insert into post (id, user_id, date_created, content) values (66, 7, '2017-03-08 10:58:42.479', 'Lorem ipsum dolor sit amet, consectetur adipiscing elit. Mauris vehicula et erat et malesuada. Morbi vehicula, nunc at molestie vehicula, urna lacus volutpat massa, nec ultricies massa sapien non massa. Phasellus cursus mattis ante, quis maximus ligula egestas et. Quisque a consectetur nibh, id consequat enim. Etiam at dolor eu quam gravida porttitor. Maecenas eu augue nec velit convallis pellentesque. Nam iaculis odio id massa fermentum laoreet. Etiam sapien nisi, tempor id nulla in, mattis accumsan massa. Phasellus commodo purus faucibus augue semper, sed gravida dolor eleifend. Suspendisse potenti. Aliquam ullamcorper eleifend massa, eget vestibulum ex sodales ac. Cras semper mi ac velit feugiat, in laoreet risus rhoncus.');
insert into post (id, user_id, date_created, content) values (67, 7, '2017-03-08 10:58:42.479', 'Lorem ipsum dolor sit amet, consectetur adipiscing elit. Mauris vehicula et erat et malesuada. Morbi vehicula, nunc at molestie vehicula, urna lacus volutpat massa, nec ultricies massa sapien non massa. Phasellus cursus mattis ante, quis maximus ligula egestas et. Quisque a consectetur nibh, id consequat enim. Etiam at dolor eu quam gravida porttitor. Maecenas eu augue nec velit convallis pellentesque. Nam iaculis odio id massa fermentum laoreet. Etiam sapien nisi, tempor id nulla in, mattis accumsan massa. Phasellus commodo purus faucibus augue semper, sed gravida dolor eleifend. Suspendisse potenti. Aliquam ullamcorper eleifend massa, eget vestibulum ex sodales ac. Cras semper mi ac velit feugiat, in laoreet risus rhoncus.');
insert into post (id, user_id, date_created, content) values (68, 7, '2017-03-08 10:58:42.479', 'Lorem ipsum dolor sit amet, consectetur adipiscing elit. Mauris vehicula et erat et malesuada. Morbi vehicula, nunc at molestie vehicula, urna lacus volutpat massa, nec ultricies massa sapien non massa. Phasellus cursus mattis ante, quis maximus ligula egestas et. Quisque a consectetur nibh, id consequat enim. Etiam at dolor eu quam gravida porttitor. Maecenas eu augue nec velit convallis pellentesque. Nam iaculis odio id massa fermentum laoreet. Etiam sapien nisi, tempor id nulla in, mattis accumsan massa. Phasellus commodo purus faucibus augue semper, sed gravida dolor eleifend. Suspendisse potenti. Aliquam ullamcorper eleifend massa, eget vestibulum ex sodales ac. Cras semper mi ac velit feugiat, in laoreet risus rhoncus.');
insert into post (id, user_id, date_created, content) values (69, 7, '2017-03-08 10:58:42.479', 'Lorem ipsum dolor sit amet, consectetur adipiscing elit. Mauris vehicula et erat et malesuada. Morbi vehicula, nunc at molestie vehicula, urna lacus volutpat massa, nec ultricies massa sapien non massa. Phasellus cursus mattis ante, quis maximus ligula egestas et. Quisque a consectetur nibh, id consequat enim. Etiam at dolor eu quam gravida porttitor. Maecenas eu augue nec velit convallis pellentesque. Nam iaculis odio id massa fermentum laoreet. Etiam sapien nisi, tempor id nulla in, mattis accumsan massa. Phasellus commodo purus faucibus augue semper, sed gravida dolor eleifend. Suspendisse potenti. Aliquam ullamcorper eleifend massa, eget vestibulum ex sodales ac. Cras semper mi ac velit feugiat, in laoreet risus rhoncus.');
insert into post (id, user_id, date_created, content) values (70, 7, '2017-03-08 10:58:42.479', 'Lorem ipsum dolor sit amet, consectetur adipiscing elit. Mauris vehicula et erat et malesuada. Morbi vehicula, nunc at molestie vehicula, urna lacus volutpat massa, nec ultricies massa sapien non massa. Phasellus cursus mattis ante, quis maximus ligula egestas et. Quisque a consectetur nibh, id consequat enim. Etiam at dolor eu quam gravida porttitor. Maecenas eu augue nec velit convallis pellentesque. Nam iaculis odio id massa fermentum laoreet. Etiam sapien nisi, tempor id nulla in, mattis accumsan massa. Phasellus commodo purus faucibus augue semper, sed gravida dolor eleifend. Suspendisse potenti. Aliquam ullamcorper eleifend massa, eget vestibulum ex sodales ac. Cras semper mi ac velit feugiat, in laoreet risus rhoncus.');
insert into post (id, user_id, date_created, content) values (71, 8, '2017-03-08 10:58:42.494', 'Lorem ipsum dolor sit amet, consectetur adipiscing elit. Mauris vehicula et erat et malesuada. Morbi vehicula, nunc at molestie vehicula, urna lacus volutpat massa, nec ultricies massa sapien non massa. Phasellus cursus mattis ante, quis maximus ligula egestas et. Quisque a consectetur nibh, id consequat enim. Etiam at dolor eu quam gravida porttitor. Maecenas eu augue nec velit convallis pellentesque. Nam iaculis odio id massa fermentum laoreet. Etiam sapien nisi, tempor id nulla in, mattis accumsan massa. Phasellus commodo purus faucibus augue semper, sed gravida dolor eleifend. Suspendisse potenti. Aliquam ullamcorper eleifend massa, eget vestibulum ex sodales ac. Cras semper mi ac velit feugiat, in laoreet risus rhoncus.');
insert into post (id, user_id, date_created, content) values (72, 8, '2017-03-08 10:58:42.494', 'Lorem ipsum dolor sit amet, consectetur adipiscing elit. Mauris vehicula et erat et malesuada. Morbi vehicula, nunc at molestie vehicula, urna lacus volutpat massa, nec ultricies massa sapien non massa. Phasellus cursus mattis ante, quis maximus ligula egestas et. Quisque a consectetur nibh, id consequat enim. Etiam at dolor eu quam gravida porttitor. Maecenas eu augue nec velit convallis pellentesque. Nam iaculis odio id massa fermentum laoreet. Etiam sapien nisi, tempor id nulla in, mattis accumsan massa. Phasellus commodo purus faucibus augue semper, sed gravida dolor eleifend. Suspendisse potenti. Aliquam ullamcorper eleifend massa, eget vestibulum ex sodales ac. Cras semper mi ac velit feugiat, in laoreet risus rhoncus.');
insert into post (id, user_id, date_created, content) values (73, 8, '2017-03-08 10:58:42.510', 'Lorem ipsum dolor sit amet, consectetur adipiscing elit. Mauris vehicula et erat et malesuada. Morbi vehicula, nunc at molestie vehicula, urna lacus volutpat massa, nec ultricies massa sapien non massa. Phasellus cursus mattis ante, quis maximus ligula egestas et. Quisque a consectetur nibh, id consequat enim. Etiam at dolor eu quam gravida porttitor. Maecenas eu augue nec velit convallis pellentesque. Nam iaculis odio id massa fermentum laoreet. Etiam sapien nisi, tempor id nulla in, mattis accumsan massa. Phasellus commodo purus faucibus augue semper, sed gravida dolor eleifend. Suspendisse potenti. Aliquam ullamcorper eleifend massa, eget vestibulum ex sodales ac. Cras semper mi ac velit feugiat, in laoreet risus rhoncus.');
insert into post (id, user_id, date_created, content) values (74, 8, '2017-03-08 10:58:42.510', 'Lorem ipsum dolor sit amet, consectetur adipiscing elit. Mauris vehicula et erat et malesuada. Morbi vehicula, nunc at molestie vehicula, urna lacus volutpat massa, nec ultricies massa sapien non massa. Phasellus cursus mattis ante, quis maximus ligula egestas et. Quisque a consectetur nibh, id consequat enim. Etiam at dolor eu quam gravida porttitor. Maecenas eu augue nec velit convallis pellentesque. Nam iaculis odio id massa fermentum laoreet. Etiam sapien nisi, tempor id nulla in, mattis accumsan massa. Phasellus commodo purus faucibus augue semper, sed gravida dolor eleifend. Suspendisse potenti. Aliquam ullamcorper eleifend massa, eget vestibulum ex sodales ac. Cras semper mi ac velit feugiat, in laoreet risus rhoncus.');
insert into post (id, user_id, date_created, content) values (75, 8, '2017-03-08 10:58:42.510', 'Lorem ipsum dolor sit amet, consectetur adipiscing elit. Mauris vehicula et erat et malesuada. Morbi vehicula, nunc at molestie vehicula, urna lacus volutpat massa, nec ultricies massa sapien non massa. Phasellus cursus mattis ante, quis maximus ligula egestas et. Quisque a consectetur nibh, id consequat enim. Etiam at dolor eu quam gravida porttitor. Maecenas eu augue nec velit convallis pellentesque. Nam iaculis odio id massa fermentum laoreet. Etiam sapien nisi, tempor id nulla in, mattis accumsan massa. Phasellus commodo purus faucibus augue semper, sed gravida dolor eleifend. Suspendisse potenti. Aliquam ullamcorper eleifend massa, eget vestibulum ex sodales ac. Cras semper mi ac velit feugiat, in laoreet risus rhoncus.');
insert into post (id, user_id, date_created, content) values (76, 8, '2017-03-08 10:58:42.510', 'Lorem ipsum dolor sit amet, consectetur adipiscing elit. Mauris vehicula et erat et malesuada. Morbi vehicula, nunc at molestie vehicula, urna lacus volutpat massa, nec ultricies massa sapien non massa. Phasellus cursus mattis ante, quis maximus ligula egestas et. Quisque a consectetur nibh, id consequat enim. Etiam at dolor eu quam gravida porttitor. Maecenas eu augue nec velit convallis pellentesque. Nam iaculis odio id massa fermentum laoreet. Etiam sapien nisi, tempor id nulla in, mattis accumsan massa. Phasellus commodo purus faucibus augue semper, sed gravida dolor eleifend. Suspendisse potenti. Aliquam ullamcorper eleifend massa, eget vestibulum ex sodales ac. Cras semper mi ac velit feugiat, in laoreet risus rhoncus.');
insert into post (id, user_id, date_created, content) values (77, 8, '2017-03-08 10:58:42.588', 'Lorem ipsum dolor sit amet, consectetur adipiscing elit. Mauris vehicula et erat et malesuada. Morbi vehicula, nunc at molestie vehicula, urna lacus volutpat massa, nec ultricies massa sapien non massa. Phasellus cursus mattis ante, quis maximus ligula egestas et. Quisque a consectetur nibh, id consequat enim. Etiam at dolor eu quam gravida porttitor. Maecenas eu augue nec velit convallis pellentesque. Nam iaculis odio id massa fermentum laoreet. Etiam sapien nisi, tempor id nulla in, mattis accumsan massa. Phasellus commodo purus faucibus augue semper, sed gravida dolor eleifend. Suspendisse potenti. Aliquam ullamcorper eleifend massa, eget vestibulum ex sodales ac. Cras semper mi ac velit feugiat, in laoreet risus rhoncus.');
insert into post (id, user_id, date_created, content) values (78, 8, '2017-03-08 10:58:42.588', 'Lorem ipsum dolor sit amet, consectetur adipiscing elit. Mauris vehicula et erat et malesuada. Morbi vehicula, nunc at molestie vehicula, urna lacus volutpat massa, nec ultricies massa sapien non massa. Phasellus cursus mattis ante, quis maximus ligula egestas et. Quisque a consectetur nibh, id consequat enim. Etiam at dolor eu quam gravida porttitor. Maecenas eu augue nec velit convallis pellentesque. Nam iaculis odio id massa fermentum laoreet. Etiam sapien nisi, tempor id nulla in, mattis accumsan massa. Phasellus commodo purus faucibus augue semper, sed gravida dolor eleifend. Suspendisse potenti. Aliquam ullamcorper eleifend massa, eget vestibulum ex sodales ac. Cras semper mi ac velit feugiat, in laoreet risus rhoncus.');
insert into post (id, user_id, date_created, content) values (79, 8, '2017-03-08 10:58:42.619', 'Lorem ipsum dolor sit amet, consectetur adipiscing elit. Mauris vehicula et erat et malesuada. Morbi vehicula, nunc at molestie vehicula, urna lacus volutpat massa, nec ultricies massa sapien non massa. Phasellus cursus mattis ante, quis maximus ligula egestas et. Quisque a consectetur nibh, id consequat enim. Etiam at dolor eu quam gravida porttitor. Maecenas eu augue nec velit convallis pellentesque. Nam iaculis odio id massa fermentum laoreet. Etiam sapien nisi, tempor id nulla in, mattis accumsan massa. Phasellus commodo purus faucibus augue semper, sed gravida dolor eleifend. Suspendisse potenti. Aliquam ullamcorper eleifend massa, eget vestibulum ex sodales ac. Cras semper mi ac velit feugiat, in laoreet risus rhoncus.');
insert into post (id, user_id, date_created, content) values (80, 8, '2017-03-08 10:58:42.619', 'Lorem ipsum dolor sit amet, consectetur adipiscing elit. Mauris vehicula et erat et malesuada. Morbi vehicula, nunc at molestie vehicula, urna lacus volutpat massa, nec ultricies massa sapien non massa. Phasellus cursus mattis ante, quis maximus ligula egestas et. Quisque a consectetur nibh, id consequat enim. Etiam at dolor eu quam gravida porttitor. Maecenas eu augue nec velit convallis pellentesque. Nam iaculis odio id massa fermentum laoreet. Etiam sapien nisi, tempor id nulla in, mattis accumsan massa. Phasellus commodo purus faucibus augue semper, sed gravida dolor eleifend. Suspendisse potenti. Aliquam ullamcorper eleifend massa, eget vestibulum ex sodales ac. Cras semper mi ac velit feugiat, in laoreet risus rhoncus.');
insert into post (id, user_id, date_created, content) values (81, 9, '2017-03-08 10:58:42.619', 'Lorem ipsum dolor sit amet, consectetur adipiscing elit. Mauris vehicula et erat et malesuada. Morbi vehicula, nunc at molestie vehicula, urna lacus volutpat massa, nec ultricies massa sapien non massa. Phasellus cursus mattis ante, quis maximus ligula egestas et. Quisque a consectetur nibh, id consequat enim. Etiam at dolor eu quam gravida porttitor. Maecenas eu augue nec velit convallis pellentesque. Nam iaculis odio id massa fermentum laoreet. Etiam sapien nisi, tempor id nulla in, mattis accumsan massa. Phasellus commodo purus faucibus augue semper, sed gravida dolor eleifend. Suspendisse potenti. Aliquam ullamcorper eleifend massa, eget vestibulum ex sodales ac. Cras semper mi ac velit feugiat, in laoreet risus rhoncus.');
insert into post (id, user_id, date_created, content) values (82, 9, '2017-03-08 10:58:42.635', 'Lorem ipsum dolor sit amet, consectetur adipiscing elit. Mauris vehicula et erat et malesuada. Morbi vehicula, nunc at molestie vehicula, urna lacus volutpat massa, nec ultricies massa sapien non massa. Phasellus cursus mattis ante, quis maximus ligula egestas et. Quisque a consectetur nibh, id consequat enim. Etiam at dolor eu quam gravida porttitor. Maecenas eu augue nec velit convallis pellentesque. Nam iaculis odio id massa fermentum laoreet. Etiam sapien nisi, tempor id nulla in, mattis accumsan massa. Phasellus commodo purus faucibus augue semper, sed gravida dolor eleifend. Suspendisse potenti. Aliquam ullamcorper eleifend massa, eget vestibulum ex sodales ac. Cras semper mi ac velit feugiat, in laoreet risus rhoncus.');
insert into post (id, user_id, date_created, content) values (83, 9, '2017-03-08 10:58:42.635', 'Lorem ipsum dolor sit amet, consectetur adipiscing elit. Mauris vehicula et erat et malesuada. Morbi vehicula, nunc at molestie vehicula, urna lacus volutpat massa, nec ultricies massa sapien non massa. Phasellus cursus mattis ante, quis maximus ligula egestas et. Quisque a consectetur nibh, id consequat enim. Etiam at dolor eu quam gravida porttitor. Maecenas eu augue nec velit convallis pellentesque. Nam iaculis odio id massa fermentum laoreet. Etiam sapien nisi, tempor id nulla in, mattis accumsan massa. Phasellus commodo purus faucibus augue semper, sed gravida dolor eleifend. Suspendisse potenti. Aliquam ullamcorper eleifend massa, eget vestibulum ex sodales ac. Cras semper mi ac velit feugiat, in laoreet risus rhoncus.');
insert into post (id, user_id, date_created, content) values (84, 9, '2017-03-08 10:58:42.635', 'Lorem ipsum dolor sit amet, consectetur adipiscing elit. Mauris vehicula et erat et malesuada. Morbi vehicula, nunc at molestie vehicula, urna lacus volutpat massa, nec ultricies massa sapien non massa. Phasellus cursus mattis ante, quis maximus ligula egestas et. Quisque a consectetur nibh, id consequat enim. Etiam at dolor eu quam gravida porttitor. Maecenas eu augue nec velit convallis pellentesque. Nam iaculis odio id massa fermentum laoreet. Etiam sapien nisi, tempor id nulla in, mattis accumsan massa. Phasellus commodo purus faucibus augue semper, sed gravida dolor eleifend. Suspendisse potenti. Aliquam ullamcorper eleifend massa, eget vestibulum ex sodales ac. Cras semper mi ac velit feugiat, in laoreet risus rhoncus.');
insert into post (id, user_id, date_created, content) values (85, 9, '2017-03-08 10:58:42.635', 'Lorem ipsum dolor sit amet, consectetur adipiscing elit. Mauris vehicula et erat et malesuada. Morbi vehicula, nunc at molestie vehicula, urna lacus volutpat massa, nec ultricies massa sapien non massa. Phasellus cursus mattis ante, quis maximus ligula egestas et. Quisque a consectetur nibh, id consequat enim. Etiam at dolor eu quam gravida porttitor. Maecenas eu augue nec velit convallis pellentesque. Nam iaculis odio id massa fermentum laoreet. Etiam sapien nisi, tempor id nulla in, mattis accumsan massa. Phasellus commodo purus faucibus augue semper, sed gravida dolor eleifend. Suspendisse potenti. Aliquam ullamcorper eleifend massa, eget vestibulum ex sodales ac. Cras semper mi ac velit feugiat, in laoreet risus rhoncus.');
insert into post (id, user_id, date_created, content) values (86, 9, '2017-03-08 10:58:42.635', 'Lorem ipsum dolor sit amet, consectetur adipiscing elit. Mauris vehicula et erat et malesuada. Morbi vehicula, nunc at molestie vehicula, urna lacus volutpat massa, nec ultricies massa sapien non massa. Phasellus cursus mattis ante, quis maximus ligula egestas et. Quisque a consectetur nibh, id consequat enim. Etiam at dolor eu quam gravida porttitor. Maecenas eu augue nec velit convallis pellentesque. Nam iaculis odio id massa fermentum laoreet. Etiam sapien nisi, tempor id nulla in, mattis accumsan massa. Phasellus commodo purus faucibus augue semper, sed gravida dolor eleifend. Suspendisse potenti. Aliquam ullamcorper eleifend massa, eget vestibulum ex sodales ac. Cras semper mi ac velit feugiat, in laoreet risus rhoncus.');
insert into post (id, user_id, date_created, content) values (87, 9, '2017-03-08 10:58:42.635', 'Lorem ipsum dolor sit amet, consectetur adipiscing elit. Mauris vehicula et erat et malesuada. Morbi vehicula, nunc at molestie vehicula, urna lacus volutpat massa, nec ultricies massa sapien non massa. Phasellus cursus mattis ante, quis maximus ligula egestas et. Quisque a consectetur nibh, id consequat enim. Etiam at dolor eu quam gravida porttitor. Maecenas eu augue nec velit convallis pellentesque. Nam iaculis odio id massa fermentum laoreet. Etiam sapien nisi, tempor id nulla in, mattis accumsan massa. Phasellus commodo purus faucibus augue semper, sed gravida dolor eleifend. Suspendisse potenti. Aliquam ullamcorper eleifend massa, eget vestibulum ex sodales ac. Cras semper mi ac velit feugiat, in laoreet risus rhoncus.');
insert into post (id, user_id, date_created, content) values (88, 9, '2017-03-08 10:58:42.635', 'Lorem ipsum dolor sit amet, consectetur adipiscing elit. Mauris vehicula et erat et malesuada. Morbi vehicula, nunc at molestie vehicula, urna lacus volutpat massa, nec ultricies massa sapien non massa. Phasellus cursus mattis ante, quis maximus ligula egestas et. Quisque a consectetur nibh, id consequat enim. Etiam at dolor eu quam gravida porttitor. Maecenas eu augue nec velit convallis pellentesque. Nam iaculis odio id massa fermentum laoreet. Etiam sapien nisi, tempor id nulla in, mattis accumsan massa. Phasellus commodo purus faucibus augue semper, sed gravida dolor eleifend. Suspendisse potenti. Aliquam ullamcorper eleifend massa, eget vestibulum ex sodales ac. Cras semper mi ac velit feugiat, in laoreet risus rhoncus.');
insert into post (id, user_id, date_created, content) values (89, 9, '2017-03-08 10:58:42.635', 'Lorem ipsum dolor sit amet, consectetur adipiscing elit. Mauris vehicula et erat et malesuada. Morbi vehicula, nunc at molestie vehicula, urna lacus volutpat massa, nec ultricies massa sapien non massa. Phasellus cursus mattis ante, quis maximus ligula egestas et. Quisque a consectetur nibh, id consequat enim. Etiam at dolor eu quam gravida porttitor. Maecenas eu augue nec velit convallis pellentesque. Nam iaculis odio id massa fermentum laoreet. Etiam sapien nisi, tempor id nulla in, mattis accumsan massa. Phasellus commodo purus faucibus augue semper, sed gravida dolor eleifend. Suspendisse potenti. Aliquam ullamcorper eleifend massa, eget vestibulum ex sodales ac. Cras semper mi ac velit feugiat, in laoreet risus rhoncus.');
insert into post (id, user_id, date_created, content) values (90, 9, '2017-03-08 10:58:42.635', 'Lorem ipsum dolor sit amet, consectetur adipiscing elit. Mauris vehicula et erat et malesuada. Morbi vehicula, nunc at molestie vehicula, urna lacus volutpat massa, nec ultricies massa sapien non massa. Phasellus cursus mattis ante, quis maximus ligula egestas et. Quisque a consectetur nibh, id consequat enim. Etiam at dolor eu quam gravida porttitor. Maecenas eu augue nec velit convallis pellentesque. Nam iaculis odio id massa fermentum laoreet. Etiam sapien nisi, tempor id nulla in, mattis accumsan massa. Phasellus commodo purus faucibus augue semper, sed gravida dolor eleifend. Suspendisse potenti. Aliquam ullamcorper eleifend massa, eget vestibulum ex sodales ac. Cras semper mi ac velit feugiat, in laoreet risus rhoncus.');
insert into post (id, user_id, date_created, content) values (91, 10, '2017-03-08 10:58:42.635', 'Lorem ipsum dolor sit amet, consectetur adipiscing elit. Mauris vehicula et erat et malesuada. Morbi vehicula, nunc at molestie vehicula, urna lacus volutpat massa, nec ultricies massa sapien non massa. Phasellus cursus mattis ante, quis maximus ligula egestas et. Quisque a consectetur nibh, id consequat enim. Etiam at dolor eu quam gravida porttitor. Maecenas eu augue nec velit convallis pellentesque. Nam iaculis odio id massa fermentum laoreet. Etiam sapien nisi, tempor id nulla in, mattis accumsan massa. Phasellus commodo purus faucibus augue semper, sed gravida dolor eleifend. Suspendisse potenti. Aliquam ullamcorper eleifend massa, eget vestibulum ex sodales ac. Cras semper mi ac velit feugiat, in laoreet risus rhoncus.');
insert into post (id, user_id, date_created, content) values (92, 10, '2017-03-08 10:58:42.635', 'Lorem ipsum dolor sit amet, consectetur adipiscing elit. Mauris vehicula et erat et malesuada. Morbi vehicula, nunc at molestie vehicula, urna lacus volutpat massa, nec ultricies massa sapien non massa. Phasellus cursus mattis ante, quis maximus ligula egestas et. Quisque a consectetur nibh, id consequat enim. Etiam at dolor eu quam gravida porttitor. Maecenas eu augue nec velit convallis pellentesque. Nam iaculis odio id massa fermentum laoreet. Etiam sapien nisi, tempor id nulla in, mattis accumsan massa. Phasellus commodo purus faucibus augue semper, sed gravida dolor eleifend. Suspendisse potenti. Aliquam ullamcorper eleifend massa, eget vestibulum ex sodales ac. Cras semper mi ac velit feugiat, in laoreet risus rhoncus.');
insert into post (id, user_id, date_created, content) values (93, 10, '2017-03-08 10:58:42.635', 'Lorem ipsum dolor sit amet, consectetur adipiscing elit. Mauris vehicula et erat et malesuada. Morbi vehicula, nunc at molestie vehicula, urna lacus volutpat massa, nec ultricies massa sapien non massa. Phasellus cursus mattis ante, quis maximus ligula egestas et. Quisque a consectetur nibh, id consequat enim. Etiam at dolor eu quam gravida porttitor. Maecenas eu augue nec velit convallis pellentesque. Nam iaculis odio id massa fermentum laoreet. Etiam sapien nisi, tempor id nulla in, mattis accumsan massa. Phasellus commodo purus faucibus augue semper, sed gravida dolor eleifend. Suspendisse potenti. Aliquam ullamcorper eleifend massa, eget vestibulum ex sodales ac. Cras semper mi ac velit feugiat, in laoreet risus rhoncus.');
insert into post (id, user_id, date_created, content) values (94, 10, '2017-03-08 10:58:42.635', 'Lorem ipsum dolor sit amet, consectetur adipiscing elit. Mauris vehicula et erat et malesuada. Morbi vehicula, nunc at molestie vehicula, urna lacus volutpat massa, nec ultricies massa sapien non massa. Phasellus cursus mattis ante, quis maximus ligula egestas et. Quisque a consectetur nibh, id consequat enim. Etiam at dolor eu quam gravida porttitor. Maecenas eu augue nec velit convallis pellentesque. Nam iaculis odio id massa fermentum laoreet. Etiam sapien nisi, tempor id nulla in, mattis accumsan massa. Phasellus commodo purus faucibus augue semper, sed gravida dolor eleifend. Suspendisse potenti. Aliquam ullamcorper eleifend massa, eget vestibulum ex sodales ac. Cras semper mi ac velit feugiat, in laoreet risus rhoncus.');
insert into post (id, user_id, date_created, content) values (95, 10, '2017-03-08 10:58:42.635', 'Lorem ipsum dolor sit amet, consectetur adipiscing elit. Mauris vehicula et erat et malesuada. Morbi vehicula, nunc at molestie vehicula, urna lacus volutpat massa, nec ultricies massa sapien non massa. Phasellus cursus mattis ante, quis maximus ligula egestas et. Quisque a consectetur nibh, id consequat enim. Etiam at dolor eu quam gravida porttitor. Maecenas eu augue nec velit convallis pellentesque. Nam iaculis odio id massa fermentum laoreet. Etiam sapien nisi, tempor id nulla in, mattis accumsan massa. Phasellus commodo purus faucibus augue semper, sed gravida dolor eleifend. Suspendisse potenti. Aliquam ullamcorper eleifend massa, eget vestibulum ex sodales ac. Cras semper mi ac velit feugiat, in laoreet risus rhoncus.');
insert into post (id, user_id, date_created, content) values (96, 10, '2017-03-08 10:58:42.635', 'Lorem ipsum dolor sit amet, consectetur adipiscing elit. Mauris vehicula et erat et malesuada. Morbi vehicula, nunc at molestie vehicula, urna lacus volutpat massa, nec ultricies massa sapien non massa. Phasellus cursus mattis ante, quis maximus ligula egestas et. Quisque a consectetur nibh, id consequat enim. Etiam at dolor eu quam gravida porttitor. Maecenas eu augue nec velit convallis pellentesque. Nam iaculis odio id massa fermentum laoreet. Etiam sapien nisi, tempor id nulla in, mattis accumsan massa. Phasellus commodo purus faucibus augue semper, sed gravida dolor eleifend. Suspendisse potenti. Aliquam ullamcorper eleifend massa, eget vestibulum ex sodales ac. Cras semper mi ac velit feugiat, in laoreet risus rhoncus.');
insert into post (id, user_id, date_created, content) values (97, 10, '2017-03-08 10:58:42.635', 'Lorem ipsum dolor sit amet, consectetur adipiscing elit. Mauris vehicula et erat et malesuada. Morbi vehicula, nunc at molestie vehicula, urna lacus volutpat massa, nec ultricies massa sapien non massa. Phasellus cursus mattis ante, quis maximus ligula egestas et. Quisque a consectetur nibh, id consequat enim. Etiam at dolor eu quam gravida porttitor. Maecenas eu augue nec velit convallis pellentesque. Nam iaculis odio id massa fermentum laoreet. Etiam sapien nisi, tempor id nulla in, mattis accumsan massa. Phasellus commodo purus faucibus augue semper, sed gravida dolor eleifend. Suspendisse potenti. Aliquam ullamcorper eleifend massa, eget vestibulum ex sodales ac. Cras semper mi ac velit feugiat, in laoreet risus rhoncus.');
insert into post (id, user_id, date_created, content) values (98, 10, '2017-03-08 10:58:42.635', 'Lorem ipsum dolor sit amet, consectetur adipiscing elit. Mauris vehicula et erat et malesuada. Morbi vehicula, nunc at molestie vehicula, urna lacus volutpat massa, nec ultricies massa sapien non massa. Phasellus cursus mattis ante, quis maximus ligula egestas et. Quisque a consectetur nibh, id consequat enim. Etiam at dolor eu quam gravida porttitor. Maecenas eu augue nec velit convallis pellentesque. Nam iaculis odio id massa fermentum laoreet. Etiam sapien nisi, tempor id nulla in, mattis accumsan massa. Phasellus commodo purus faucibus augue semper, sed gravida dolor eleifend. Suspendisse potenti. Aliquam ullamcorper eleifend massa, eget vestibulum ex sodales ac. Cras semper mi ac velit feugiat, in laoreet risus rhoncus.');
insert into post (id, user_id, date_created, content) values (99, 10, '2017-03-08 10:58:42.635', 'Lorem ipsum dolor sit amet, consectetur adipiscing elit. Mauris vehicula et erat et malesuada. Morbi vehicula, nunc at molestie vehicula, urna lacus volutpat massa, nec ultricies massa sapien non massa. Phasellus cursus mattis ante, quis maximus ligula egestas et. Quisque a consectetur nibh, id consequat enim. Etiam at dolor eu quam gravida porttitor. Maecenas eu augue nec velit convallis pellentesque. Nam iaculis odio id massa fermentum laoreet. Etiam sapien nisi, tempor id nulla in, mattis accumsan massa. Phasellus commodo purus faucibus augue semper, sed gravida dolor eleifend. Suspendisse potenti. Aliquam ullamcorper eleifend massa, eget vestibulum ex sodales ac. Cras semper mi ac velit feugiat, in laoreet risus rhoncus.');
insert into post (id, user_id, date_created, content) values (100, 10, '2017-03-08 10:58:42.635', 'Lorem ipsum dolor sit amet, consectetur adipiscing elit. Mauris vehicula et erat et malesuada. Morbi vehicula, nunc at molestie vehicula, urna lacus volutpat massa, nec ultricies massa sapien non massa. Phasellus cursus mattis ante, quis maximus ligula egestas et. Quisque a consectetur nibh, id consequat enim. Etiam at dolor eu quam gravida porttitor. Maecenas eu augue nec velit convallis pellentesque. Nam iaculis odio id massa fermentum laoreet. Etiam sapien nisi, tempor id nulla in, mattis accumsan massa. Phasellus commodo purus faucibus augue semper, sed gravida dolor eleifend. Suspendisse potenti. Aliquam ullamcorper eleifend massa, eget vestibulum ex sodales ac. Cras semper mi ac velit feugiat, in laoreet risus rhoncus.');

insert into comment (id, date_created, post_id, user_id, content) values (1, '2017-03-08 10:58:42.635', 1, 3, 'You are the man!');
insert into comment (id, date_created, post_id, user_id, content) values (2, '2017-03-08 10:58:42.666', 2, 8, 'Awesome article!');
insert into comment (id, date_created, post_id, user_id, content) values (3, '2017-03-08 10:58:42.666', 3, 7, 'Awesome article!');
insert into comment (id, date_created, post_id, user_id, content) values (4, '2017-03-08 10:58:42.682', 4, 1, 'This should be in the documentation.');
insert into comment (id, date_created, post_id, user_id, content) values (5, '2017-03-08 10:58:42.713', 5, 7, 'Ive been looking everywhere for this');
insert into comment (id, date_created, post_id, user_id, content) values (6, '2017-03-08 10:58:42.713', 6, 6, 'Good stuff.');
insert into comment (id, date_created, post_id, user_id, content) values (7, '2017-03-08 10:58:42.713', 7, 6, 'Great! I owe you a beer.');
insert into comment (id, date_created, post_id, user_id, content) values (8, '2017-03-08 10:58:42.713', 8, 6, 'Great! I owe you a beer.');
insert into comment (id, date_created, post_id, user_id, content) values (9, '2017-03-08 10:58:42.713', 9, 4, 'This is the best article on the topic');
insert into comment (id, date_created, post_id, user_id, content) values (10, '2017-03-08 10:58:42.713', 10, 9, 'You rock dude.');
insert into comment (id, date_created, post_id, user_id, content) values (11, '2017-03-08 10:58:42.713', 11, 3, 'Good stuff.');
insert into comment (id, date_created, post_id, user_id, content) values (12, '2017-03-08 10:58:42.713', 12, 9, 'Great! I owe you a beer.');
insert into comment (id, date_created, post_id, user_id, content) values (13, '2017-03-08 10:58:42.713', 13, 7, 'You rock dude.');
insert into comment (id, date_created, post_id, user_id, content) values (14, '2017-03-08 10:58:42.713', 14, 6, 'You are the man!');
insert into comment (id, date_created, post_id, user_id, content) values (15, '2017-03-08 10:58:42.713', 15, 8, 'Ive been looking everywhere for this');
insert into comment (id, date_created, post_id, user_id, content) values (16, '2017-03-08 10:58:42.713', 16, 8, 'This is the best article on the topic');
insert into comment (id, date_created, post_id, user_id, content) values (17, '2017-03-08 10:58:42.713', 17, 2, 'You saved my life.');
insert into comment (id, date_created, post_id, user_id, content) values (18, '2017-03-08 10:58:42.713', 18, 3, 'This should be in the documentation.');
insert into comment (id, date_created, post_id, user_id, content) values (19, '2017-03-08 10:58:42.713', 19, 2, 'Awesome article!');
insert into comment (id, date_created, post_id, user_id, content) values (20, '2017-03-08 10:58:42.713', 20, 9, 'This is the best article on the topic');
insert into comment (id, date_created, post_id, user_id, content) values (21, '2017-03-08 10:58:42.713', 21, 9, 'You saved my life.');
insert into comment (id, date_created, post_id, user_id, content) values (22, '2017-03-08 10:58:42.713', 22, 6, 'You rock dude.');
insert into comment (id, date_created, post_id, user_id, content) values (23, '2017-03-08 10:58:42.713', 23, 4, 'Great! I owe you a beer.');
insert into comment (id, date_created, post_id, user_id, content) values (24, '2017-03-08 10:58:42.713', 24, 5, 'This should be in the documentation.');
insert into comment (id, date_created, post_id, user_id, content) values (25, '2017-03-08 10:58:42.713', 25, 9, 'Good stuff.');
insert into comment (id, date_created, post_id, user_id, content) values (26, '2017-03-08 10:58:42.713', 26, 8, 'This is the best article on the topic');
insert into comment (id, date_created, post_id, user_id, content) values (27, '2017-03-08 10:58:42.713', 27, 8, 'You are the man!');
insert into comment (id, date_created, post_id, user_id, content) values (28, '2017-03-08 10:58:42.713', 28, 4, 'Great! I owe you a beer.');
insert into comment (id, date_created, post_id, user_id, content) values (29, '2017-03-08 10:58:42.713', 29, 4, 'Awesome article!');
insert into comment (id, date_created, post_id, user_id, content) values (30, '2017-03-08 10:58:42.713', 30, 2, 'Good stuff.');
insert into comment (id, date_created, post_id, user_id, content) values (31, '2017-03-08 10:58:42.713', 31, 2, 'Good stuff.');
insert into comment (id, date_created, post_id, user_id, content) values (32, '2017-03-08 10:58:42.713', 32, 1, 'Knowledge is power. Keep it going!');
insert into comment (id, date_created, post_id, user_id, content) values (33, '2017-03-08 10:58:42.760', 33, 4, 'You are the man!');
insert into comment (id, date_created, post_id, user_id, content) values (34, '2017-03-08 10:58:42.760', 34, 4, 'This is the best article on the topic');
insert into comment (id, date_created, post_id, user_id, content) values (35, '2017-03-08 10:58:42.760', 35, 3, 'Good stuff.');
insert into comment (id, date_created, post_id, user_id, content) values (36, '2017-03-08 10:58:42.760', 36, 6, 'This is the best article on the topic');
insert into comment (id, date_created, post_id, user_id, content) values (37, '2017-03-08 10:58:42.760', 37, 4, 'Good stuff.');
insert into comment (id, date_created, post_id, user_id, content) values (38, '2017-03-08 10:58:42.760', 38, 4, 'This should be in the documentation.');
insert into comment (id, date_created, post_id, user_id, content) values (39, '2017-03-08 10:58:42.760', 39, 8, 'Good stuff.');
insert into comment (id, date_created, post_id, user_id, content) values (40, '2017-03-08 10:58:42.760', 40, 7, 'This is the best article on the topic');
insert into comment (id, date_created, post_id, user_id, content) values (41, '2017-03-08 10:58:42.775', 41, 8, 'You rock dude.');
insert into comment (id, date_created, post_id, user_id, content) values (42, '2017-03-08 10:58:42.775', 42, 6, 'Knowledge is power. Keep it going!');
insert into comment (id, date_created, post_id, user_id, content) values (43, '2017-03-08 10:58:42.775', 43, 1, 'Knowledge is power. Keep it going!');
insert into comment (id, date_created, post_id, user_id, content) values (44, '2017-03-08 10:58:42.775', 44, 4, 'You are the man!');
insert into comment (id, date_created, post_id, user_id, content) values (45, '2017-03-08 10:58:42.775', 45, 5, 'Great! I owe you a beer.');
insert into comment (id, date_created, post_id, user_id, content) values (46, '2017-03-08 10:58:42.775', 46, 8, 'Knowledge is power. Keep it going!');
insert into comment (id, date_created, post_id, user_id, content) values (47, '2017-03-08 10:58:42.775', 47, 2, 'Great! I owe you a beer.');
insert into comment (id, date_created, post_id, user_id, content) values (48, '2017-03-08 10:58:42.775', 48, 2, 'Good stuff.');
insert into comment (id, date_created, post_id, user_id, content) values (49, '2017-03-08 10:58:42.775', 49, 9, 'Knowledge is power. Keep it going!');
insert into comment (id, date_created, post_id, user_id, content) values (50, '2017-03-08 10:58:42.775', 50, 4, 'Ive been looking everywhere for this');
insert into comment (id, date_created, post_id, user_id, content) values (51, '2017-03-08 10:58:42.775', 51, 3, 'Good stuff.');
insert into comment (id, date_created, post_id, user_id, content) values (52, '2017-03-08 10:58:42.775', 52, 2, 'This is the best article on the topic');
insert into comment (id, date_created, post_id, user_id, content) values (53, '2017-03-08 10:58:42.775', 53, 7, 'Awesome article!');
insert into comment (id, date_created, post_id, user_id, content) values (54, '2017-03-08 10:58:42.775', 54, 7, 'Awesome article!');
insert into comment (id, date_created, post_id, user_id, content) values (55, '2017-03-08 10:58:42.775', 55, 7, 'You rock dude.');
insert into comment (id, date_created, post_id, user_id, content) values (56, '2017-03-08 10:58:42.775', 56, 8, 'This should be in the documentation.');
insert into comment (id, date_created, post_id, user_id, content) values (57, '2017-03-08 10:58:42.775', 57, 2, 'You rock dude.');
insert into comment (id, date_created, post_id, user_id, content) values (58, '2017-03-08 10:58:42.775', 58, 7, 'You saved my life.');
insert into comment (id, date_created, post_id, user_id, content) values (59, '2017-03-08 10:58:42.775', 59, 1, 'Awesome article!');
insert into comment (id, date_created, post_id, user_id, content) values (60, '2017-03-08 10:58:42.791', 60, 9, 'This is the best article on the topic');
insert into comment (id, date_created, post_id, user_id, content) values (61, '2017-03-08 10:58:42.791', 61, 1, 'Awesome article!');
insert into comment (id, date_created, post_id, user_id, content) values (62, '2017-03-08 10:58:42.791', 62, 4, 'This should be in the documentation.');
insert into comment (id, date_created, post_id, user_id, content) values (63, '2017-03-08 10:58:42.791', 63, 7, 'You saved my life.');
insert into comment (id, date_created, post_id, user_id, content) values (64, '2017-03-08 10:58:42.791', 64, 7, 'You rock dude.');
insert into comment (id, date_created, post_id, user_id, content) values (65, '2017-03-08 10:58:42.791', 65, 7, 'Great! I owe you a beer.');
insert into comment (id, date_created, post_id, user_id, content) values (66, '2017-03-08 10:58:42.791', 66, 5, 'Good stuff.');
insert into comment (id, date_created, post_id, user_id, content) values (67, '2017-03-08 10:58:42.791', 67, 9, 'Great! I owe you a beer.');
insert into comment (id, date_created, post_id, user_id, content) values (68, '2017-03-08 10:58:42.791', 68, 8, 'Knowledge is power. Keep it going!');
insert into comment (id, date_created, post_id, user_id, content) values (69, '2017-03-08 10:58:42.791', 69, 5, 'Great! I owe you a beer.');
insert into comment (id, date_created, post_id, user_id, content) values (70, '2017-03-08 10:58:42.791', 70, 4, 'You rock dude.');
insert into comment (id, date_created, post_id, user_id, content) values (71, '2017-03-08 10:58:42.791', 71, 3, 'Great! I owe you a beer.');
insert into comment (id, date_created, post_id, user_id, content) values (72, '2017-03-08 10:58:42.791', 72, 8, 'Great! I owe you a beer.');
insert into comment (id, date_created, post_id, user_id, content) values (73, '2017-03-08 10:58:42.791', 73, 4, 'You are the man!');
insert into comment (id, date_created, post_id, user_id, content) values (74, '2017-03-08 10:58:42.807', 74, 9, 'This is the best article on the topic');
insert into comment (id, date_created, post_id, user_id, content) values (75, '2017-03-08 10:58:42.822', 75, 6, 'This should be in the documentation.');
insert into comment (id, date_created, post_id, user_id, content) values (76, '2017-03-08 10:58:42.822', 76, 9, 'Knowledge is power. Keep it going!');
insert into comment (id, date_created, post_id, user_id, content) values (77, '2017-03-08 10:58:42.822', 77, 3, 'Great! I owe you a beer.');
insert into comment (id, date_created, post_id, user_id, content) values (78, '2017-03-08 10:58:42.822', 78, 1, 'Great! I owe you a beer.');
insert into comment (id, date_created, post_id, user_id, content) values (79, '2017-03-08 10:58:42.822', 79, 8, 'Good stuff.');
insert into comment (id, date_created, post_id, user_id, content) values (80, '2017-03-08 10:58:42.822', 80, 7, 'This is the best article on the topic');
insert into comment (id, date_created, post_id, user_id, content) values (81, '2017-03-08 10:58:42.822', 81, 7, 'Knowledge is power. Keep it going!');
insert into comment (id, date_created, post_id, user_id, content) values (82, '2017-03-08 10:58:42.822', 82, 1, 'Great! I owe you a beer.');
insert into comment (id, date_created, post_id, user_id, content) values (83, '2017-03-08 10:58:42.822', 83, 3, 'Great! I owe you a beer.');
insert into comment (id, date_created, post_id, user_id, content) values (84, '2017-03-08 10:58:42.822', 84, 9, 'This should be in the documentation.');
insert into comment (id, date_created, post_id, user_id, content) values (85, '2017-03-08 10:58:42.822', 85, 5, 'You are the man!');
insert into comment (id, date_created, post_id, user_id, content) values (86, '2017-03-08 10:58:42.822', 86, 3, 'This should be in the documentation.');
insert into comment (id, date_created, post_id, user_id, content) values (87, '2017-03-08 10:58:42.822', 87, 7, 'You rock dude.');
insert into comment (id, date_created, post_id, user_id, content) values (88, '2017-03-08 10:58:42.822', 88, 9, 'Ive been looking everywhere for this');
insert into comment (id, date_created, post_id, user_id, content) values (89, '2017-03-08 10:58:42.822', 89, 5, 'Knowledge is power. Keep it going!');
insert into comment (id, date_created, post_id, user_id, content) values (90, '2017-03-08 10:58:42.822', 90, 2, 'Knowledge is power. Keep it going!');
insert into comment (id, date_created, post_id, user_id, content) values (91, '2017-03-08 10:58:42.822', 91, 6, 'Awesome article!');
insert into comment (id, date_created, post_id, user_id, content) values (92, '2017-03-08 10:58:42.822', 92, 7, 'This is the best article on the topic');
insert into comment (id, date_created, post_id, user_id, content) values (93, '2017-03-08 10:58:42.822', 93, 5, 'This is the best article on the topic');
insert into comment (id, date_created, post_id, user_id, content) values (94, '2017-03-08 10:58:42.854', 94, 3, 'This should be in the documentation.');
insert into comment (id, date_created, post_id, user_id, content) values (95, '2017-03-08 10:58:42.854', 95, 4, 'Ive been looking everywhere for this');
insert into comment (id, date_created, post_id, user_id, content) values (96, '2017-03-08 10:58:42.854', 96, 3, 'This should be in the documentation.');
insert into comment (id, date_created, post_id, user_id, content) values (97, '2017-03-08 10:58:42.854', 97, 4, 'This should be in the documentation.');
insert into comment (id, date_created, post_id, user_id, content) values (98, '2017-03-08 10:58:42.854', 98, 4, 'You rock dude.');
insert into comment (id, date_created, post_id, user_id, content) values (99, '2017-03-08 10:58:42.854', 99, 5, 'You rock dude.');
insert into comment (id, date_created, post_id, user_id, content) values (101, '2017-03-08 10:58:42.854', 1, 4, 'Good stuff.');
insert into comment (id, date_created, post_id, user_id, content) values (102, '2017-03-08 10:58:42.854', 2, 4, 'Great! I owe you a beer.');
insert into comment (id, date_created, post_id, user_id, content) values (103, '2017-03-08 10:58:42.854', 3, 1, 'Good stuff.');
insert into comment (id, date_created, post_id, user_id, content) values (104, '2017-03-08 10:58:42.854', 4, 6, 'This should be in the documentation.');
insert into comment (id, date_created, post_id, user_id, content) values (105, '2017-03-08 10:58:42.854', 5, 9, 'Ive been looking everywhere for this');
insert into comment (id, date_created, post_id, user_id, content) values (106, '2017-03-08 10:58:42.854', 6, 4, 'You saved my life.');
insert into comment (id, date_created, post_id, user_id, content) values (107, '2017-03-08 10:58:42.854', 7, 3, 'Ive been looking everywhere for this');
insert into comment (id, date_created, post_id, user_id, content) values (108, '2017-03-08 10:58:42.854', 8, 9, 'You rock dude.');
insert into comment (id, date_created, post_id, user_id, content) values (109, '2017-03-08 10:58:42.854', 9, 5, 'Knowledge is power. Keep it going!');
insert into comment (id, date_created, post_id, user_id, content) values (110, '2017-03-08 10:58:42.854', 10, 3, 'You saved my life.');
insert into comment (id, date_created, post_id, user_id, content) values (111, '2017-03-08 10:58:42.854', 11, 5, 'Great! I owe you a beer.');
insert into comment (id, date_created, post_id, user_id, content) values (112, '2017-03-08 10:58:42.854', 12, 1, 'Ive been looking everywhere for this');
insert into comment (id, date_created, post_id, user_id, content) values (113, '2017-03-08 10:58:42.854', 13, 1, 'Awesome article!');
insert into comment (id, date_created, post_id, user_id, content) values (114, '2017-03-08 10:58:42.854', 14, 7, 'This is the best article on the topic');
insert into comment (id, date_created, post_id, user_id, content) values (115, '2017-03-08 10:58:42.854', 15, 1, 'Great! I owe you a beer.');
insert into comment (id, date_created, post_id, user_id, content) values (116, '2017-03-08 10:58:42.854', 16, 5, 'Awesome article!');
insert into comment (id, date_created, post_id, user_id, content) values (117, '2017-03-08 10:58:42.854', 17, 2, 'Good stuff.');
insert into comment (id, date_created, post_id, user_id, content) values (118, '2017-03-08 10:58:42.854', 18, 8, 'Awesome article!');
insert into comment (id, date_created, post_id, user_id, content) values (119, '2017-03-08 10:58:42.854', 19, 3, 'This is the best article on the topic');
insert into comment (id, date_created, post_id, user_id, content) values (120, '2017-03-08 10:58:42.854', 20, 9, 'Great! I owe you a beer.');
insert into comment (id, date_created, post_id, user_id, content) values (121, '2017-03-08 10:58:42.854', 21, 6, 'You are the man!');
insert into comment (id, date_created, post_id, user_id, content) values (122, '2017-03-08 10:58:42.869', 22, 9, 'Awesome article!');
insert into comment (id, date_created, post_id, user_id, content) values (123, '2017-03-08 10:58:42.869', 23, 8, 'Ive been looking everywhere for this');
insert into comment (id, date_created, post_id, user_id, content) values (124, '2017-03-08 10:58:42.869', 24, 2, 'Great! I owe you a beer.');
insert into comment (id, date_created, post_id, user_id, content) values (125, '2017-03-08 10:58:42.869', 25, 5, 'Ive been looking everywhere for this');
insert into comment (id, date_created, post_id, user_id, content) values (126, '2017-03-08 10:58:42.869', 26, 1, 'You saved my life.');
insert into comment (id, date_created, post_id, user_id, content) values (127, '2017-03-08 10:58:42.869', 27, 6, 'You are the man!');
insert into comment (id, date_created, post_id, user_id, content) values (128, '2017-03-08 10:58:42.869', 28, 5, 'You rock dude.');
insert into comment (id, date_created, post_id, user_id, content) values (129, '2017-03-08 10:58:42.869', 29, 2, 'This is the best article on the topic');
insert into comment (id, date_created, post_id, user_id, content) values (130, '2017-03-08 10:58:42.869', 30, 2, 'Great! I owe you a beer.');
insert into comment (id, date_created, post_id, user_id, content) values (131, '2017-03-08 10:58:42.869', 31, 4, 'This should be in the documentation.');
insert into comment (id, date_created, post_id, user_id, content) values (132, '2017-03-08 10:58:42.869', 32, 5, 'This should be in the documentation.');
insert into comment (id, date_created, post_id, user_id, content) values (133, '2017-03-08 10:58:42.869', 33, 5, 'Awesome article!');
insert into comment (id, date_created, post_id, user_id, content) values (134, '2017-03-08 10:58:42.869', 34, 7, 'Ive been looking everywhere for this');
insert into comment (id, date_created, post_id, user_id, content) values (135, '2017-03-08 10:58:42.869', 35, 5, 'Knowledge is power. Keep it going!');
insert into comment (id, date_created, post_id, user_id, content) values (136, '2017-03-08 10:58:42.869', 36, 6, 'Ive been looking everywhere for this');
insert into comment (id, date_created, post_id, user_id, content) values (137, '2017-03-08 10:58:42.869', 37, 6, 'Good stuff.');
insert into comment (id, date_created, post_id, user_id, content) values (138, '2017-03-08 10:58:42.869', 38, 8, 'Awesome article!');
insert into comment (id, date_created, post_id, user_id, content) values (139, '2017-03-08 10:58:42.869', 39, 5, 'This should be in the documentation.');
insert into comment (id, date_created, post_id, user_id, content) values (140, '2017-03-08 10:58:42.869', 40, 3, 'Awesome article!');
insert into comment (id, date_created, post_id, user_id, content) values (141, '2017-03-08 10:58:42.869', 41, 5, 'Good stuff.');
insert into comment (id, date_created, post_id, user_id, content) values (142, '2017-03-08 10:58:42.885', 42, 3, 'Knowledge is power. Keep it going!');
insert into comment (id, date_created, post_id, user_id, content) values (143, '2017-03-08 10:58:42.885', 43, 4, 'You rock dude.');
insert into comment (id, date_created, post_id, user_id, content) values (144, '2017-03-08 10:58:42.885', 44, 4, 'You rock dude.');
insert into comment (id, date_created, post_id, user_id, content) values (145, '2017-03-08 10:58:42.885', 45, 5, 'Great! I owe you a beer.');
insert into comment (id, date_created, post_id, user_id, content) values (146, '2017-03-08 10:58:42.885', 46, 8, 'You rock dude.');
insert into comment (id, date_created, post_id, user_id, content) values (147, '2017-03-08 10:58:42.916', 47, 7, 'You are the man!');
insert into comment (id, date_created, post_id, user_id, content) values (148, '2017-03-08 10:58:42.932', 48, 7, 'Good stuff.');
insert into comment (id, date_created, post_id, user_id, content) values (149, '2017-03-08 10:58:42.932', 49, 1, 'Knowledge is power. Keep it going!');
insert into comment (id, date_created, post_id, user_id, content) values (150, '2017-03-08 10:58:42.932', 50, 2, 'You rock dude.');
insert into comment (id, date_created, post_id, user_id, content) values (151, '2017-03-08 10:58:42.932', 51, 9, 'You saved my life.');
insert into comment (id, date_created, post_id, user_id, content) values (152, '2017-03-08 10:58:42.932', 52, 8, 'Awesome article!');
insert into comment (id, date_created, post_id, user_id, content) values (153, '2017-03-08 10:58:42.932', 53, 2, 'You rock dude.');
insert into comment (id, date_created, post_id, user_id, content) values (154, '2017-03-08 10:58:42.932', 54, 5, 'You are the man!');
insert into comment (id, date_created, post_id, user_id, content) values (155, '2017-03-08 10:58:42.932', 55, 3, 'You are the man!');
insert into comment (id, date_created, post_id, user_id, content) values (156, '2017-03-08 10:58:42.932', 56, 6, 'This is the best article on the topic');
insert into comment (id, date_created, post_id, user_id, content) values (157, '2017-03-08 10:58:42.932', 57, 3, 'Knowledge is power. Keep it going!');
insert into comment (id, date_created, post_id, user_id, content) values (158, '2017-03-08 10:58:42.932', 58, 6, 'Knowledge is power. Keep it going!');
insert into comment (id, date_created, post_id, user_id, content) values (159, '2017-03-08 10:58:42.932', 59, 3, 'Good stuff.');
insert into comment (id, date_created, post_id, user_id, content) values (160, '2017-03-08 10:58:42.932', 60, 9, 'You are the man!');
insert into comment (id, date_created, post_id, user_id, content) values (161, '2017-03-08 10:58:42.932', 61, 4, 'Knowledge is power. Keep it going!');
insert into comment (id, date_created, post_id, user_id, content) values (162, '2017-03-08 10:58:42.932', 62, 4, 'You saved my life.');
insert into comment (id, date_created, post_id, user_id, content) values (163, '2017-03-08 10:58:42.932', 63, 4, 'Awesome article!');
insert into comment (id, date_created, post_id, user_id, content) values (164, '2017-03-08 10:58:42.932', 64, 9, 'You are the man!');
insert into comment (id, date_created, post_id, user_id, content) values (165, '2017-03-08 10:58:42.932', 65, 2, 'This is the best article on the topic');
insert into comment (id, date_created, post_id, user_id, content) values (166, '2017-03-08 10:58:42.932', 66, 5, 'Great! I owe you a beer.');
insert into comment (id, date_created, post_id, user_id, content) values (167, '2017-03-08 10:58:42.932', 67, 4, 'You are the man!');
insert into comment (id, date_created, post_id, user_id, content) values (168, '2017-03-08 10:58:42.932', 68, 4, 'This is the best article on the topic');
insert into comment (id, date_created, post_id, user_id, content) values (169, '2017-03-08 10:58:42.932', 69, 5, 'This should be in the documentation.');
insert into comment (id, date_created, post_id, user_id, content) values (170, '2017-03-08 10:58:42.932', 70, 8, 'Ive been looking everywhere for this');
insert into comment (id, date_created, post_id, user_id, content) values (171, '2017-03-08 10:58:42.932', 71, 1, 'This is the best article on the topic');
insert into comment (id, date_created, post_id, user_id, content) values (172, '2017-03-08 10:58:42.932', 72, 6, 'This is the best article on the topic');
insert into comment (id, date_created, post_id, user_id, content) values (173, '2017-03-08 10:58:42.932', 73, 8, 'This is the best article on the topic');
insert into comment (id, date_created, post_id, user_id, content) values (174, '2017-03-08 10:58:42.932', 74, 2, 'You saved my life.');
insert into comment (id, date_created, post_id, user_id, content) values (175, '2017-03-08 10:58:42.932', 75, 6, 'This should be in the documentation.');
insert into comment (id, date_created, post_id, user_id, content) values (176, '2017-03-08 10:58:42.932', 76, 6, 'This should be in the documentation.');
insert into comment (id, date_created, post_id, user_id, content) values (177, '2017-03-08 10:58:42.932', 77, 2, 'Knowledge is power. Keep it going!');
insert into comment (id, date_created, post_id, user_id, content) values (178, '2017-03-08 10:58:42.932', 78, 8, 'Knowledge is power. Keep it going!');
insert into comment (id, date_created, post_id, user_id, content) values (179, '2017-03-08 10:58:42.932', 79, 9, 'Great! I owe you a beer.');
insert into comment (id, date_created, post_id, user_id, content) values (180, '2017-03-08 10:58:42.932', 80, 1, 'Great! I owe you a beer.');
insert into comment (id, date_created, post_id, user_id, content) values (181, '2017-03-08 10:58:42.932', 81, 5, 'Ive been looking everywhere for this');
insert into comment (id, date_created, post_id, user_id, content) values (182, '2017-03-08 10:58:42.932', 82, 4, 'Knowledge is power. Keep it going!');
insert into comment (id, date_created, post_id, user_id, content) values (183, '2017-03-08 10:58:42.932', 83, 5, 'You rock dude.');
insert into comment (id, date_created, post_id, user_id, content) values (184, '2017-03-08 10:58:42.932', 84, 4, 'Great! I owe you a beer.');
insert into comment (id, date_created, post_id, user_id, content) values (185, '2017-03-08 10:58:42.932', 85, 7, 'Good stuff.');
insert into comment (id, date_created, post_id, user_id, content) values (186, '2017-03-08 10:58:42.932', 86, 8, 'Awesome article!');
insert into comment (id, date_created, post_id, user_id, content) values (187, '2017-03-08 10:58:42.932', 87, 9, 'This is the best article on the topic');
insert into comment (id, date_created, post_id, user_id, content) values (188, '2017-03-08 10:58:42.932', 88, 9, 'Ive been looking everywhere for this');
insert into comment (id, date_created, post_id, user_id, content) values (189, '2017-03-08 10:58:42.932', 89, 9, 'You saved my life.');
insert into comment (id, date_created, post_id, user_id, content) values (190, '2017-03-08 10:58:42.932', 90, 9, 'Great! I owe you a beer.');
insert into comment (id, date_created, post_id, user_id, content) values (191, '2017-03-08 10:58:42.932', 91, 4, 'This should be in the documentation.');
insert into comment (id, date_created, post_id, user_id, content) values (192, '2017-03-08 10:58:42.932', 92, 8, 'You are the man!');
insert into comment (id, date_created, post_id, user_id, content) values (193, '2017-03-08 10:58:42.932', 93, 7, 'You saved my life.');
insert into comment (id, date_created, post_id, user_id, content) values (194, '2017-03-08 10:58:42.932', 94, 9, 'Great! I owe you a beer.');
insert into comment (id, date_created, post_id, user_id, content) values (195, '2017-03-08 10:58:42.932', 95, 1, 'You are the man!');
insert into comment (id, date_created, post_id, user_id, content) values (196, '2017-03-08 10:58:42.932', 96, 7, 'This should be in the documentation.');
insert into comment (id, date_created, post_id, user_id, content) values (197, '2017-03-08 10:58:42.932', 97, 8, 'You rock dude.');
insert into comment (id, date_created, post_id, user_id, content) values (198, '2017-03-08 10:58:42.932', 98, 1, 'You saved my life.');
insert into comment (id, date_created, post_id, user_id, content) values (199, '2017-03-08 10:58:42.932', 99, 3, 'Good stuff.');
insert into comment (id, date_created, post_id, user_id, content) values (201, '2017-03-08 10:58:42.932', 1, 9, 'Great! I owe you a beer.');
insert into comment (id, date_created, post_id, user_id, content) values (202, '2017-03-08 10:58:42.932', 2, 8, 'Great! I owe you a beer.');
insert into comment (id, date_created, post_id, user_id, content) values (203, '2017-03-08 10:58:42.932', 3, 9, 'You rock dude.');
insert into comment (id, date_created, post_id, user_id, content) values (204, '2017-03-08 10:58:42.932', 4, 9, 'You are the man!');
insert into comment (id, date_created, post_id, user_id, content) values (205, '2017-03-08 10:58:42.932', 5, 7, 'You saved my life.');
insert into comment (id, date_created, post_id, user_id, content) values (206, '2017-03-08 10:58:42.932', 6, 8, 'Good stuff.');
insert into comment (id, date_created, post_id, user_id, content) values (207, '2017-03-08 10:58:42.932', 7, 8, 'Awesome article!');
insert into comment (id, date_created, post_id, user_id, content) values (208, '2017-03-08 10:58:42.932', 8, 8, 'You rock dude.');
insert into comment (id, date_created, post_id, user_id, content) values (209, '2017-03-08 10:58:42.932', 9, 5, 'This should be in the documentation.');
insert into comment (id, date_created, post_id, user_id, content) values (210, '2017-03-08 10:58:42.932', 10, 2, 'Awesome article!');
insert into comment (id, date_created, post_id, user_id, content) values (211, '2017-03-08 10:58:42.932', 11, 4, 'Good stuff.');
insert into comment (id, date_created, post_id, user_id, content) values (212, '2017-03-08 10:58:42.932', 12, 3, 'This is the best article on the topic');
insert into comment (id, date_created, post_id, user_id, content) values (213, '2017-03-08 10:58:42.932', 13, 7, 'You are the man!');
insert into comment (id, date_created, post_id, user_id, content) values (214, '2017-03-08 10:58:42.932', 14, 4, 'You saved my life.');
insert into comment (id, date_created, post_id, user_id, content) values (215, '2017-03-08 10:58:42.932', 15, 7, 'Awesome article!');
insert into comment (id, date_created, post_id, user_id, content) values (216, '2017-03-08 10:58:42.932', 16, 8, 'Awesome article!');
insert into comment (id, date_created, post_id, user_id, content) values (217, '2017-03-08 10:58:42.932', 17, 4, 'Ive been looking everywhere for this');
insert into comment (id, date_created, post_id, user_id, content) values (218, '2017-03-08 10:58:42.932', 18, 2, 'Good stuff.');
insert into comment (id, date_created, post_id, user_id, content) values (219, '2017-03-08 10:58:42.947', 19, 2, 'Knowledge is power. Keep it going!');
insert into comment (id, date_created, post_id, user_id, content) values (220, '2017-03-08 10:58:42.947', 20, 1, 'Knowledge is power. Keep it going!');
insert into comment (id, date_created, post_id, user_id, content) values (221, '2017-03-08 10:58:42.947', 21, 4, 'Good stuff.');
insert into comment (id, date_created, post_id, user_id, content) values (222, '2017-03-08 10:58:42.947', 22, 7, 'You rock dude.');
insert into comment (id, date_created, post_id, user_id, content) values (223, '2017-03-08 10:58:42.947', 23, 1, 'You rock dude.');
insert into comment (id, date_created, post_id, user_id, content) values (224, '2017-03-08 10:58:42.947', 24, 3, 'Good stuff.');
insert into comment (id, date_created, post_id, user_id, content) values (225, '2017-03-08 10:58:42.947', 25, 7, 'You are the man!');
insert into comment (id, date_created, post_id, user_id, content) values (226, '2017-03-08 10:58:42.947', 26, 3, 'You are the man!');
insert into comment (id, date_created, post_id, user_id, content) values (227, '2017-03-08 10:58:42.947', 27, 3, 'Ive been looking everywhere for this');
insert into comment (id, date_created, post_id, user_id, content) values (228, '2017-03-08 10:58:42.947', 28, 2, 'Good stuff.');
insert into comment (id, date_created, post_id, user_id, content) values (229, '2017-03-08 10:58:42.947', 29, 6, 'Ive been looking everywhere for this');
insert into comment (id, date_created, post_id, user_id, content) values (230, '2017-03-08 10:58:42.947', 30, 1, 'You rock dude.');
insert into comment (id, date_created, post_id, user_id, content) values (231, '2017-03-08 10:58:42.947', 31, 1, 'This should be in the documentation.');
insert into comment (id, date_created, post_id, user_id, content) values (232, '2017-03-08 10:58:42.947', 32, 2, 'You saved my life.');
insert into comment (id, date_created, post_id, user_id, content) values (233, '2017-03-08 10:58:42.947', 33, 9, 'Ive been looking everywhere for this');
insert into comment (id, date_created, post_id, user_id, content) values (234, '2017-03-08 10:58:42.947', 34, 7, 'You saved my life.');
insert into comment (id, date_created, post_id, user_id, content) values (235, '2017-03-08 10:58:42.947', 35, 1, 'Knowledge is power. Keep it going!');
insert into comment (id, date_created, post_id, user_id, content) values (236, '2017-03-08 10:58:42.947', 36, 4, 'Good stuff.');
insert into comment (id, date_created, post_id, user_id, content) values (237, '2017-03-08 10:58:42.947', 37, 3, 'Awesome article!');
insert into comment (id, date_created, post_id, user_id, content) values (238, '2017-03-08 10:58:42.947', 38, 2, 'You are the man!');
insert into comment (id, date_created, post_id, user_id, content) values (239, '2017-03-08 10:58:42.947', 39, 7, 'This should be in the documentation.');
insert into comment (id, date_created, post_id, user_id, content) values (240, '2017-03-08 10:58:42.947', 40, 8, 'You are the man!');
insert into comment (id, date_created, post_id, user_id, content) values (241, '2017-03-08 10:58:42.947', 41, 9, 'You saved my life.');
insert into comment (id, date_created, post_id, user_id, content) values (242, '2017-03-08 10:58:42.947', 42, 8, 'You rock dude.');
insert into comment (id, date_created, post_id, user_id, content) values (243, '2017-03-08 10:58:42.947', 43, 9, 'You saved my life.');
insert into comment (id, date_created, post_id, user_id, content) values (244, '2017-03-08 10:58:42.947', 44, 6, 'This should be in the documentation.');
insert into comment (id, date_created, post_id, user_id, content) values (245, '2017-03-08 10:58:42.947', 45, 7, 'Good stuff.');
insert into comment (id, date_created, post_id, user_id, content) values (246, '2017-03-08 10:58:42.947', 46, 5, 'This should be in the documentation.');
insert into comment (id, date_created, post_id, user_id, content) values (247, '2017-03-08 10:58:42.947', 47, 2, 'Good stuff.');
insert into comment (id, date_created, post_id, user_id, content) values (248, '2017-03-08 10:58:42.947', 48, 9, 'You are the man!');
insert into comment (id, date_created, post_id, user_id, content) values (249, '2017-03-08 10:58:42.947', 49, 7, 'You rock dude.');
insert into comment (id, date_created, post_id, user_id, content) values (250, '2017-03-08 10:58:42.947', 50, 7, 'This is the best article on the topic');
insert into comment (id, date_created, post_id, user_id, content) values (251, '2017-03-08 10:58:42.947', 51, 8, 'Knowledge is power. Keep it going!');
insert into comment (id, date_created, post_id, user_id, content) values (252, '2017-03-08 10:58:42.947', 52, 2, 'This is the best article on the topic');
insert into comment (id, date_created, post_id, user_id, content) values (253, '2017-03-08 10:58:42.947', 53, 3, 'Great! I owe you a beer.');
insert into comment (id, date_created, post_id, user_id, content) values (254, '2017-03-08 10:58:42.947', 54, 7, 'Ive been looking everywhere for this');
insert into comment (id, date_created, post_id, user_id, content) values (255, '2017-03-08 10:58:42.947', 55, 4, 'Great! I owe you a beer.');
insert into comment (id, date_created, post_id, user_id, content) values (256, '2017-03-08 10:58:42.947', 56, 1, 'You saved my life.');
insert into comment (id, date_created, post_id, user_id, content) values (257, '2017-03-08 10:58:42.947', 57, 7, 'Awesome article!');
insert into comment (id, date_created, post_id, user_id, content) values (258, '2017-03-08 10:58:42.947', 58, 6, 'You are the man!');
insert into comment (id, date_created, post_id, user_id, content) values (259, '2017-03-08 10:58:42.947', 59, 4, 'Good stuff.');
insert into comment (id, date_created, post_id, user_id, content) values (260, '2017-03-08 10:58:42.947', 60, 8, 'Good stuff.');
insert into comment (id, date_created, post_id, user_id, content) values (261, '2017-03-08 10:58:42.947', 61, 9, 'Ive been looking everywhere for this');
insert into comment (id, date_created, post_id, user_id, content) values (262, '2017-03-08 10:58:42.947', 62, 6, 'This should be in the documentation.');
insert into comment (id, date_created, post_id, user_id, content) values (263, '2017-03-08 10:58:42.947', 63, 8, 'This is the best article on the topic');
insert into comment (id, date_created, post_id, user_id, content) values (264, '2017-03-08 10:58:42.947', 64, 4, 'You are the man!');
insert into comment (id, date_created, post_id, user_id, content) values (265, '2017-03-08 10:58:42.947', 65, 1, 'This is the best article on the topic');
insert into comment (id, date_created, post_id, user_id, content) values (266, '2017-03-08 10:58:42.947', 66, 2, 'You are the man!');
insert into comment (id, date_created, post_id, user_id, content) values (267, '2017-03-08 10:58:42.947', 67, 7, 'This is the best article on the topic');
insert into comment (id, date_created, post_id, user_id, content) values (268, '2017-03-08 10:58:42.947', 68, 5, 'You are the man!');
insert into comment (id, date_created, post_id, user_id, content) values (269, '2017-03-08 10:58:42.947', 69, 8, 'Good stuff.');
insert into comment (id, date_created, post_id, user_id, content) values (270, '2017-03-08 10:58:42.947', 70, 3, 'This is the best article on the topic');
insert into comment (id, date_created, post_id, user_id, content) values (271, '2017-03-08 10:58:42.947', 71, 5, 'This should be in the documentation.');
insert into comment (id, date_created, post_id, user_id, content) values (272, '2017-03-08 10:58:42.947', 72, 5, 'This is the best article on the topic');
insert into comment (id, date_created, post_id, user_id, content) values (273, '2017-03-08 10:58:42.947', 73, 9, 'Good stuff.');
insert into comment (id, date_created, post_id, user_id, content) values (274, '2017-03-08 10:58:42.947', 74, 8, 'This is the best article on the topic');
insert into comment (id, date_created, post_id, user_id, content) values (275, '2017-03-08 10:58:42.963', 75, 7, 'Awesome article!');
insert into comment (id, date_created, post_id, user_id, content) values (276, '2017-03-08 10:58:42.963', 76, 1, 'This is the best article on the topic');
insert into comment (id, date_created, post_id, user_id, content) values (277, '2017-03-08 10:58:42.963', 77, 6, 'Good stuff.');
insert into comment (id, date_created, post_id, user_id, content) values (278, '2017-03-08 10:58:42.979', 78, 4, 'This is the best article on the topic');
insert into comment (id, date_created, post_id, user_id, content) values (279, '2017-03-08 10:58:42.979', 79, 5, 'Awesome article!');
insert into comment (id, date_created, post_id, user_id, content) values (280, '2017-03-08 10:58:42.979', 80, 5, 'This is the best article on the topic');
insert into comment (id, date_created, post_id, user_id, content) values (281, '2017-03-08 10:58:42.979', 81, 6, 'You are the man!');
insert into comment (id, date_created, post_id, user_id, content) values (282, '2017-03-08 10:58:42.979', 82, 4, 'You rock dude.');
insert into comment (id, date_created, post_id, user_id, content) values (283, '2017-03-08 10:58:42.979', 83, 6, 'Great! I owe you a beer.');
insert into comment (id, date_created, post_id, user_id, content) values (284, '2017-03-08 10:58:42.979', 84, 1, 'Great! I owe you a beer.');
insert into comment (id, date_created, post_id, user_id, content) values (285, '2017-03-08 10:58:42.979', 85, 8, 'This is the best article on the topic');
insert into comment (id, date_created, post_id, user_id, content) values (286, '2017-03-08 10:58:42.979', 86, 7, 'Awesome article!');
insert into comment (id, date_created, post_id, user_id, content) values (287, '2017-03-08 10:58:42.979', 87, 7, 'You rock dude.');
insert into comment (id, date_created, post_id, user_id, content) values (288, '2017-03-08 10:58:42.979', 88, 2, 'Awesome article!');
insert into comment (id, date_created, post_id, user_id, content) values (289, '2017-03-08 10:58:42.979', 89, 5, 'You saved my life.');
insert into comment (id, date_created, post_id, user_id, content) values (290, '2017-03-08 10:58:42.979', 90, 3, 'Good stuff.');
insert into comment (id, date_created, post_id, user_id, content) values (291, '2017-03-08 10:58:42.979', 91, 3, 'Awesome article!');
insert into comment (id, date_created, post_id, user_id, content) values (292, '2017-03-08 10:58:42.979', 92, 4, 'You rock dude.');
insert into comment (id, date_created, post_id, user_id, content) values (293, '2017-03-08 10:58:42.979', 93, 4, 'Great! I owe you a beer.');
insert into comment (id, date_created, post_id, user_id, content) values (294, '2017-03-08 10:58:42.979', 94, 3, 'This should be in the documentation.');
insert into comment (id, date_created, post_id, user_id, content) values (295, '2017-03-08 10:58:42.979', 95, 4, 'Knowledge is power. Keep it going!');
insert into comment (id, date_created, post_id, user_id, content) values (296, '2017-03-08 10:58:42.979', 96, 1, 'This is the best article on the topic');
insert into comment (id, date_created, post_id, user_id, content) values (297, '2017-03-08 10:58:42.979', 97, 2, 'This should be in the documentation.');
insert into comment (id, date_created, post_id, user_id, content) values (298, '2017-03-08 10:58:42.979', 98, 1, 'You saved my life.');
insert into comment (id, date_created, post_id, user_id, content) values (299, '2017-03-08 10:58:42.979', 99, 6, 'This is the best article on the topic');

insert into tag (id, name, post_count) values (1, 'facebook-api', 0);
insert into tag (id, name, post_count) values (2, 'reactjs', 5);
insert into tag (id, name, post_count) values (3, 'javascript', 8);
insert into tag (id, name, post_count) values (4, 'java', 3);
insert into tag (id, name, post_count) values (5, 'spring', 8);
insert into tag (id, name, post_count) values (6, 'jersey', 16);
insert into tag (id, name, post_count) values (7, 'es6', 9);
insert into tag (id, name, post_count) values (8, 'typescript', 13);
insert into tag (id, name, post_count) values (9, 'scala', 7);
insert into tag (id, name, post_count) values (10, 'spring-boot', 5);
insert into tag (id, name, post_count) values (11, 'nodejs', 12);
insert into tag (id, name, post_count) values (12, 'jax-rs', 5);
insert into tag (id, name, post_count) values (13, 'bootstrap', 5);
insert into tag (id, name, post_count) values (14, 'rxjs', 2);
insert into tag (id, name, post_count) values (15, 'spring-security', 11);
insert into tag (id, name, post_count) values (16, 'spring-mvc', 7);
insert into tag (id, name, post_count) values (17, 'mysql', 5);
insert into tag (id, name, post_count) values (18, 'rest', 10);
insert into tag (id, name, post_count) values (19, 'spring-data', 9);
insert into tag (id, name, post_count) values (20, 'javaee', 9);
insert into tag (id, name, post_count) values (21, 'websocket', 9);
insert into tag (id, name, post_count) values (22, 'jackson', 5);
insert into tag (id, name, post_count) values (23, 'oracle', 5);
insert into tag (id, name, post_count) values (24, 'google-maps', 5);
insert into tag (id, name, post_count) values (25, 'angular', 5);
insert into tag (id, name, post_count) values (26, 'react-router', 5);
insert into tag (id, name, post_count) values (27, 'redux', 14);
insert into tag (id, name, post_count) values (28, 'ionic', 6);
insert into tag (id, name, post_count) values (29, 'rxjava', 12);
insert into tag (id, name, post_count) values (30, 'android', 10);
insert into tag (id, name, post_count) values (31, 'linux', 10);
insert into tag (id, name, post_count) values (32, 'ios', 7);
insert into tag (id, name, post_count) values (33, 'swift', 9);
insert into tag (id, name, post_count) values (34, 'xamarin', 8);
insert into tag (id, name, post_count) values (35, 'hadoop', 7);

insert into post_tag (post_id, tag_id) values (1, 17);
insert into post_tag (post_id, tag_id) values (1, 8);
insert into post_tag (post_id, tag_id) values (1, 28);
insert into post_tag (post_id, tag_id) values (2, 21);
insert into post_tag (post_id, tag_id) values (2, 10);
insert into post_tag (post_id, tag_id) values (2, 31);
insert into post_tag (post_id, tag_id) values (3, 32);
insert into post_tag (post_id, tag_id) values (3, 18);
insert into post_tag (post_id, tag_id) values (3, 21);
insert into post_tag (post_id, tag_id) values (4, 17);
insert into post_tag (post_id, tag_id) values (4, 2);
insert into post_tag (post_id, tag_id) values (4, 7);
insert into post_tag (post_id, tag_id) values (5, 17);
insert into post_tag (post_id, tag_id) values (5, 1);
insert into post_tag (post_id, tag_id) values (5, 26);
insert into post_tag (post_id, tag_id) values (6, 34);
insert into post_tag (post_id, tag_id) values (6, 7);
insert into post_tag (post_id, tag_id) values (6, 28);
insert into post_tag (post_id, tag_id) values (7, 1);
insert into post_tag (post_id, tag_id) values (7, 18);
insert into post_tag (post_id, tag_id) values (7, 11);
insert into post_tag (post_id, tag_id) values (8, 33);
insert into post_tag (post_id, tag_id) values (8, 5);
insert into post_tag (post_id, tag_id) values (8, 31);
insert into post_tag (post_id, tag_id) values (9, 5);
insert into post_tag (post_id, tag_id) values (9, 12);
insert into post_tag (post_id, tag_id) values (9, 14);
insert into post_tag (post_id, tag_id) values (10, 5);
insert into post_tag (post_id, tag_id) values (10, 26);
insert into post_tag (post_id, tag_id) values (10, 29);
insert into post_tag (post_id, tag_id) values (11, 16);
insert into post_tag (post_id, tag_id) values (11, 19);
insert into post_tag (post_id, tag_id) values (11, 29);
insert into post_tag (post_id, tag_id) values (12, 25);
insert into post_tag (post_id, tag_id) values (12, 10);
insert into post_tag (post_id, tag_id) values (12, 29);
insert into post_tag (post_id, tag_id) values (13, 9);
insert into post_tag (post_id, tag_id) values (13, 26);
insert into post_tag (post_id, tag_id) values (13, 12);
insert into post_tag (post_id, tag_id) values (14, 19);
insert into post_tag (post_id, tag_id) values (14, 27);
insert into post_tag (post_id, tag_id) values (14, 30);
insert into post_tag (post_id, tag_id) values (15, 23);
insert into post_tag (post_id, tag_id) values (15, 10);
insert into post_tag (post_id, tag_id) values (15, 30);
insert into post_tag (post_id, tag_id) values (16, 32);
insert into post_tag (post_id, tag_id) values (16, 33);
insert into post_tag (post_id, tag_id) values (16, 4);
insert into post_tag (post_id, tag_id) values (17, 32);
insert into post_tag (post_id, tag_id) values (17, 7);
insert into post_tag (post_id, tag_id) values (17, 10);
insert into post_tag (post_id, tag_id) values (18, 5);
insert into post_tag (post_id, tag_id) values (18, 29);
insert into post_tag (post_id, tag_id) values (18, 31);
insert into post_tag (post_id, tag_id) values (19, 20);
insert into post_tag (post_id, tag_id) values (19, 10);
insert into post_tag (post_id, tag_id) values (19, 13);
insert into post_tag (post_id, tag_id) values (20, 9);
insert into post_tag (post_id, tag_id) values (20, 30);
insert into post_tag (post_id, tag_id) values (20, 14);
insert into post_tag (post_id, tag_id) values (21, 2);
insert into post_tag (post_id, tag_id) values (21, 19);
insert into post_tag (post_id, tag_id) values (21, 29);
insert into post_tag (post_id, tag_id) values (22, 26);
insert into post_tag (post_id, tag_id) values (22, 12);
insert into post_tag (post_id, tag_id) values (22, 30);
insert into post_tag (post_id, tag_id) values (23, 17);
insert into post_tag (post_id, tag_id) values (23, 8);
insert into post_tag (post_id, tag_id) values (23, 15);
insert into post_tag (post_id, tag_id) values (24, 18);
insert into post_tag (post_id, tag_id) values (24, 26);
insert into post_tag (post_id, tag_id) values (24, 31);
insert into post_tag (post_id, tag_id) values (25, 33);
insert into post_tag (post_id, tag_id) values (25, 34);
insert into post_tag (post_id, tag_id) values (25, 20);
insert into post_tag (post_id, tag_id) values (26, 2);
insert into post_tag (post_id, tag_id) values (26, 3);
insert into post_tag (post_id, tag_id) values (26, 9);
insert into post_tag (post_id, tag_id) values (27, 32);
insert into post_tag (post_id, tag_id) values (27, 23);
insert into post_tag (post_id, tag_id) values (27, 26);
insert into post_tag (post_id, tag_id) values (28, 17);
insert into post_tag (post_id, tag_id) values (28, 7);
insert into post_tag (post_id, tag_id) values (28, 26);
insert into post_tag (post_id, tag_id) values (29, 34);
insert into post_tag (post_id, tag_id) values (29, 6);
insert into post_tag (post_id, tag_id) values (29, 7);
insert into post_tag (post_id, tag_id) values (30, 4);
insert into post_tag (post_id, tag_id) values (30, 5);
insert into post_tag (post_id, tag_id) values (30, 6);
insert into post_tag (post_id, tag_id) values (31, 19);
insert into post_tag (post_id, tag_id) values (31, 20);
insert into post_tag (post_id, tag_id) values (31, 27);
insert into post_tag (post_id, tag_id) values (32, 16);
insert into post_tag (post_id, tag_id) values (32, 2);
insert into post_tag (post_id, tag_id) values (32, 20);
insert into post_tag (post_id, tag_id) values (33, 8);
insert into post_tag (post_id, tag_id) values (33, 10);
insert into post_tag (post_id, tag_id) values (33, 14);
insert into post_tag (post_id, tag_id) values (34, 33);
insert into post_tag (post_id, tag_id) values (34, 5);
insert into post_tag (post_id, tag_id) values (34, 6);
insert into post_tag (post_id, tag_id) values (35, 22);
insert into post_tag (post_id, tag_id) values (35, 7);
insert into post_tag (post_id, tag_id) values (35, 30);
insert into post_tag (post_id, tag_id) values (36, 4);
insert into post_tag (post_id, tag_id) values (36, 25);
insert into post_tag (post_id, tag_id) values (36, 13);
insert into post_tag (post_id, tag_id) values (37, 26);
insert into post_tag (post_id, tag_id) values (37, 11);
insert into post_tag (post_id, tag_id) values (37, 15);
insert into post_tag (post_id, tag_id) values (38, 17);
insert into post_tag (post_id, tag_id) values (38, 7);
insert into post_tag (post_id, tag_id) values (38, 15);
insert into post_tag (post_id, tag_id) values (39, 1);
insert into post_tag (post_id, tag_id) values (39, 5);
insert into post_tag (post_id, tag_id) values (39, 6);
insert into post_tag (post_id, tag_id) values (40, 28);
insert into post_tag (post_id, tag_id) values (40, 14);
insert into post_tag (post_id, tag_id) values (40, 15);
insert into post_tag (post_id, tag_id) values (41, 5);
insert into post_tag (post_id, tag_id) values (41, 28);
insert into post_tag (post_id, tag_id) values (41, 15);
insert into post_tag (post_id, tag_id) values (42, 18);
insert into post_tag (post_id, tag_id) values (42, 24);
insert into post_tag (post_id, tag_id) values (42, 14);
insert into post_tag (post_id, tag_id) values (43, 17);
insert into post_tag (post_id, tag_id) values (43, 19);
insert into post_tag (post_id, tag_id) values (43, 8);
insert into post_tag (post_id, tag_id) values (44, 7);
insert into post_tag (post_id, tag_id) values (44, 8);
insert into post_tag (post_id, tag_id) values (44, 14);
insert into post_tag (post_id, tag_id) values (45, 4);
insert into post_tag (post_id, tag_id) values (45, 26);
insert into post_tag (post_id, tag_id) values (45, 31);
insert into post_tag (post_id, tag_id) values (46, 20);
insert into post_tag (post_id, tag_id) values (46, 5);
insert into post_tag (post_id, tag_id) values (46, 21);
insert into post_tag (post_id, tag_id) values (47, 5);
insert into post_tag (post_id, tag_id) values (47, 23);
insert into post_tag (post_id, tag_id) values (47, 30);
insert into post_tag (post_id, tag_id) values (48, 19);
insert into post_tag (post_id, tag_id) values (48, 22);
insert into post_tag (post_id, tag_id) values (48, 14);
insert into post_tag (post_id, tag_id) values (49, 6);
insert into post_tag (post_id, tag_id) values (49, 25);
insert into post_tag (post_id, tag_id) values (49, 13);
insert into post_tag (post_id, tag_id) values (50, 34);
insert into post_tag (post_id, tag_id) values (50, 20);
insert into post_tag (post_id, tag_id) values (50, 26);
insert into post_tag (post_id, tag_id) values (51, 32);
insert into post_tag (post_id, tag_id) values (51, 18);
insert into post_tag (post_id, tag_id) values (51, 8);
insert into post_tag (post_id, tag_id) values (52, 32);
insert into post_tag (post_id, tag_id) values (52, 24);
insert into post_tag (post_id, tag_id) values (52, 26);
insert into post_tag (post_id, tag_id) values (53, 2);
insert into post_tag (post_id, tag_id) values (53, 11);
insert into post_tag (post_id, tag_id) values (53, 31);
insert into post_tag (post_id, tag_id) values (54, 17);
insert into post_tag (post_id, tag_id) values (54, 4);
insert into post_tag (post_id, tag_id) values (54, 30);
insert into post_tag (post_id, tag_id) values (55, 33);
insert into post_tag (post_id, tag_id) values (55, 19);
insert into post_tag (post_id, tag_id) values (55, 26);
insert into post_tag (post_id, tag_id) values (56, 33);
insert into post_tag (post_id, tag_id) values (56, 24);
insert into post_tag (post_id, tag_id) values (56, 11);
insert into post_tag (post_id, tag_id) values (57, 34);
insert into post_tag (post_id, tag_id) values (57, 25);
insert into post_tag (post_id, tag_id) values (57, 29);
insert into post_tag (post_id, tag_id) values (58, 7);
insert into post_tag (post_id, tag_id) values (58, 10);
insert into post_tag (post_id, tag_id) values (58, 27);
insert into post_tag (post_id, tag_id) values (59, 32);
insert into post_tag (post_id, tag_id) values (59, 4);
insert into post_tag (post_id, tag_id) values (59, 6);
insert into post_tag (post_id, tag_id) values (60, 4);
insert into post_tag (post_id, tag_id) values (60, 12);
insert into post_tag (post_id, tag_id) values (60, 14);
insert into post_tag (post_id, tag_id) values (61, 11);
insert into post_tag (post_id, tag_id) values (61, 28);
insert into post_tag (post_id, tag_id) values (61, 30);
insert into post_tag (post_id, tag_id) values (62, 33);
insert into post_tag (post_id, tag_id) values (62, 18);
insert into post_tag (post_id, tag_id) values (62, 21);
insert into post_tag (post_id, tag_id) values (63, 6);
insert into post_tag (post_id, tag_id) values (63, 9);
insert into post_tag (post_id, tag_id) values (63, 10);
insert into post_tag (post_id, tag_id) values (64, 5);
insert into post_tag (post_id, tag_id) values (64, 24);
insert into post_tag (post_id, tag_id) values (64, 14);
insert into post_tag (post_id, tag_id) values (65, 2);
insert into post_tag (post_id, tag_id) values (65, 4);
insert into post_tag (post_id, tag_id) values (65, 28);
insert into post_tag (post_id, tag_id) values (66, 2);
insert into post_tag (post_id, tag_id) values (66, 22);
insert into post_tag (post_id, tag_id) values (66, 27);
insert into post_tag (post_id, tag_id) values (67, 6);
insert into post_tag (post_id, tag_id) values (67, 7);
insert into post_tag (post_id, tag_id) values (67, 28);
insert into post_tag (post_id, tag_id) values (68, 1);
insert into post_tag (post_id, tag_id) values (68, 18);
insert into post_tag (post_id, tag_id) values (68, 29);
insert into post_tag (post_id, tag_id) values (69, 17);
insert into post_tag (post_id, tag_id) values (69, 5);
insert into post_tag (post_id, tag_id) values (69, 30);
insert into post_tag (post_id, tag_id) values (70, 17);
insert into post_tag (post_id, tag_id) values (70, 7);
insert into post_tag (post_id, tag_id) values (70, 27);
insert into post_tag (post_id, tag_id) values (71, 18);
insert into post_tag (post_id, tag_id) values (71, 3);
insert into post_tag (post_id, tag_id) values (71, 21);
insert into post_tag (post_id, tag_id) values (72, 34);
insert into post_tag (post_id, tag_id) values (72, 3);
insert into post_tag (post_id, tag_id) values (72, 14);
insert into post_tag (post_id, tag_id) values (73, 8);
insert into post_tag (post_id, tag_id) values (73, 26);
insert into post_tag (post_id, tag_id) values (73, 28);
insert into post_tag (post_id, tag_id) values (74, 33);
insert into post_tag (post_id, tag_id) values (74, 5);
insert into post_tag (post_id, tag_id) values (74, 15);
insert into post_tag (post_id, tag_id) values (75, 22);
insert into post_tag (post_id, tag_id) values (75, 23);
insert into post_tag (post_id, tag_id) values (75, 8);
insert into post_tag (post_id, tag_id) values (76, 16);
insert into post_tag (post_id, tag_id) values (76, 2);
insert into post_tag (post_id, tag_id) values (76, 28);
insert into post_tag (post_id, tag_id) values (77, 5);
insert into post_tag (post_id, tag_id) values (77, 25);
insert into post_tag (post_id, tag_id) values (77, 31);
insert into post_tag (post_id, tag_id) values (78, 20);
insert into post_tag (post_id, tag_id) values (78, 4);
insert into post_tag (post_id, tag_id) values (78, 27);
insert into post_tag (post_id, tag_id) values (79, 1);
insert into post_tag (post_id, tag_id) values (79, 6);
insert into post_tag (post_id, tag_id) values (79, 11);
insert into post_tag (post_id, tag_id) values (80, 23);
insert into post_tag (post_id, tag_id) values (80, 24);
insert into post_tag (post_id, tag_id) values (80, 25);
insert into post_tag (post_id, tag_id) values (81, 16);
insert into post_tag (post_id, tag_id) values (81, 26);
insert into post_tag (post_id, tag_id) values (81, 15);
insert into post_tag (post_id, tag_id) values (82, 32);
insert into post_tag (post_id, tag_id) values (82, 21);
insert into post_tag (post_id, tag_id) values (82, 27);
insert into post_tag (post_id, tag_id) values (83, 23);
insert into post_tag (post_id, tag_id) values (83, 28);
insert into post_tag (post_id, tag_id) values (83, 14);
insert into post_tag (post_id, tag_id) values (84, 33);
insert into post_tag (post_id, tag_id) values (84, 6);
insert into post_tag (post_id, tag_id) values (84, 24);
insert into post_tag (post_id, tag_id) values (85, 2);
insert into post_tag (post_id, tag_id) values (85, 7);
insert into post_tag (post_id, tag_id) values (85, 29);
insert into post_tag (post_id, tag_id) values (86, 32);
insert into post_tag (post_id, tag_id) values (86, 34);
insert into post_tag (post_id, tag_id) values (86, 20);
insert into post_tag (post_id, tag_id) values (87, 19);
insert into post_tag (post_id, tag_id) values (87, 20);
insert into post_tag (post_id, tag_id) values (87, 30);
insert into post_tag (post_id, tag_id) values (88, 22);
insert into post_tag (post_id, tag_id) values (88, 28);
insert into post_tag (post_id, tag_id) values (88, 29);
insert into post_tag (post_id, tag_id) values (89, 1);
insert into post_tag (post_id, tag_id) values (89, 5);
insert into post_tag (post_id, tag_id) values (89, 28);
insert into post_tag (post_id, tag_id) values (90, 7);
insert into post_tag (post_id, tag_id) values (90, 29);
insert into post_tag (post_id, tag_id) values (90, 30);
insert into post_tag (post_id, tag_id) values (91, 7);
insert into post_tag (post_id, tag_id) values (91, 10);
insert into post_tag (post_id, tag_id) values (91, 12);
insert into post_tag (post_id, tag_id) values (92, 5);
insert into post_tag (post_id, tag_id) values (92, 28);
insert into post_tag (post_id, tag_id) values (92, 31);
insert into post_tag (post_id, tag_id) values (93, 18);
insert into post_tag (post_id, tag_id) values (93, 22);
insert into post_tag (post_id, tag_id) values (93, 26);
insert into post_tag (post_id, tag_id) values (94, 17);
insert into post_tag (post_id, tag_id) values (94, 20);
insert into post_tag (post_id, tag_id) values (94, 10);
insert into post_tag (post_id, tag_id) values (95, 16);
insert into post_tag (post_id, tag_id) values (95, 18);
insert into post_tag (post_id, tag_id) values (95, 5);
insert into post_tag (post_id, tag_id) values (96, 16);
insert into post_tag (post_id, tag_id) values (96, 34);
insert into post_tag (post_id, tag_id) values (96, 19);
insert into post_tag (post_id, tag_id) values (97, 3);
insert into post_tag (post_id, tag_id) values (97, 29);
insert into post_tag (post_id, tag_id) values (97, 14);
insert into post_tag (post_id, tag_id) values (98, 32);
insert into post_tag (post_id, tag_id) values (98, 19);
insert into post_tag (post_id, tag_id) values (98, 10);
insert into post_tag (post_id, tag_id) values (99, 9);
insert into post_tag (post_id, tag_id) values (99, 10);
insert into post_tag (post_id, tag_id) values (99, 12);
insert into post_tag (post_id, tag_id) values (100, 9);
insert into post_tag (post_id, tag_id) values (100, 10);
insert into post_tag (post_id, tag_id) values (100, 15);

