insert into users (id, name, username, password, location, date_created, email, avatar_url) values (1, 'Paul Samsotha', 'peeskillet', 'secret', 'Phnom Penh', '2016-07-26 01:52:21.366', 'peeskillet@email.com', 'http://lorempixel.com/200/200/people/1');
insert into users (id, name, username, password, location, date_created, email, avatar_url) values (2, 'Lebron James', 'kingjames', 'secret', 'Cleveland, OH', '2016-06-07 17:37:16.225', 'kingjames@email.com', 'http://lorempixel.com/200/200/people/2');
insert into users (id, name, username, password, location, date_created, email, avatar_url) values (3, 'Kobe Bryant', 'blackmamba', 'secret', 'Los Angeles', '2016-12-02 12:46:41.225', 'blackmamba@email.com', 'http://lorempixel.com/200/200/people/3');
insert into users (id, name, username, password, location, date_created, email, avatar_url) values (4, 'Steph Curry', 'babayface', 'secret', 'Oakland, CA', '2016-12-30 19:18:32.241', 'babayface@email.com', 'http://lorempixel.com/200/200/people/4');
insert into users (id, name, username, password, location, date_created, email, avatar_url) values (5, 'Kevin Durant', 'durantula', 'secret', 'Oakland, CA', '2016-12-26 07:00:16.241', 'durantula@email.com', 'http://lorempixel.com/200/200/people/5');
insert into users (id, name, username, password, location, date_created, email, avatar_url) values (6, 'Klay Thompson', 'splashbro', 'secret', 'Oakland, CA', '2016-05-28 01:39:47.241', 'splashbro@email.com', 'http://lorempixel.com/200/200/people/6');
insert into users (id, name, username, password, location, date_created, email, avatar_url) values (7, 'Micheal Jordan', 'thegoat', 'secret', 'Chicago, CA', '2017-03-11 00:59:44.241', 'thegoat@email.com', 'http://lorempixel.com/200/200/people/7');
insert into users (id, name, username, password, location, date_created, email, avatar_url) values (8, 'James Harden', 'thebeard', 'secret', 'Houston, CA', '2016-12-05 15:45:10.241', 'thebeard@email.com', 'http://lorempixel.com/200/200/people/8');
insert into users (id, name, username, password, location, date_created, email, avatar_url) values (9, 'Shaquille Oneal', 'shaqdiesel', 'secret', 'Orlando, FL', '2016-11-18 13:49:59.241', 'shaqdiesel@email.com', 'http://lorempixel.com/200/200/people/9');
insert into users (id, name, username, password, location, date_created, email, avatar_url) values (10, 'Vince Carter', 'halfamazing', 'secret', 'Toronto, CN', '2016-07-18 23:20:56.241', 'halfamazing@email.com', 'http://lorempixel.com/200/200/people/10');

insert into post (id, user_id, date_created, title, content) values (1, 1, '2016-12-17 08:54:22.257', 'How to Post on Stack Overflow', 'Lorem ipsum dolor sit amet, consectetur adipiscing elit. Mauris vehicula et erat et malesuada. Morbi vehicula, nunc at molestie vehicula, urna lacus volutpat massa, nec ultricies massa sapien non massa. Phasellus cursus mattis ante, quis maximus ligula egestas et. Quisque a consectetur nibh, id consequat enim. Etiam at dolor eu quam gravida porttitor. Maecenas eu augue nec velit convallis pellentesque. Nam iaculis odio id massa fermentum laoreet. Etiam sapien nisi, tempor id nulla in, mattis accumsan massa. Phasellus commodo purus faucibus augue semper, sed gravida dolor eleifend. Suspendisse potenti. Aliquam ullamcorper eleifend massa, eget vestibulum ex sodales ac. Cras semper mi ac velit feugiat, in laoreet risus rhoncus.');
insert into post (id, user_id, date_created, title, content) values (2, 1, '2016-12-15 10:10:07.257', 'How to Convince Elon Musk to Take You to Mars', 'Lorem ipsum dolor sit amet, consectetur adipiscing elit. Mauris vehicula et erat et malesuada. Morbi vehicula, nunc at molestie vehicula, urna lacus volutpat massa, nec ultricies massa sapien non massa. Phasellus cursus mattis ante, quis maximus ligula egestas et. Quisque a consectetur nibh, id consequat enim. Etiam at dolor eu quam gravida porttitor. Maecenas eu augue nec velit convallis pellentesque. Nam iaculis odio id massa fermentum laoreet. Etiam sapien nisi, tempor id nulla in, mattis accumsan massa. Phasellus commodo purus faucibus augue semper, sed gravida dolor eleifend. Suspendisse potenti. Aliquam ullamcorper eleifend massa, eget vestibulum ex sodales ac. Cras semper mi ac velit feugiat, in laoreet risus rhoncus.');
insert into post (id, user_id, date_created, title, content) values (3, 1, '2016-11-06 23:47:05.257', 'Why Angular Is So Cool', 'Lorem ipsum dolor sit amet, consectetur adipiscing elit. Mauris vehicula et erat et malesuada. Morbi vehicula, nunc at molestie vehicula, urna lacus volutpat massa, nec ultricies massa sapien non massa. Phasellus cursus mattis ante, quis maximus ligula egestas et. Quisque a consectetur nibh, id consequat enim. Etiam at dolor eu quam gravida porttitor. Maecenas eu augue nec velit convallis pellentesque. Nam iaculis odio id massa fermentum laoreet. Etiam sapien nisi, tempor id nulla in, mattis accumsan massa. Phasellus commodo purus faucibus augue semper, sed gravida dolor eleifend. Suspendisse potenti. Aliquam ullamcorper eleifend massa, eget vestibulum ex sodales ac. Cras semper mi ac velit feugiat, in laoreet risus rhoncus.');
insert into post (id, user_id, date_created, title, content) values (4, 1, '2017-02-01 13:11:01.272', 'Vampires Originated From Aliens Mixing Human DNA with Mosquito DNA', 'Lorem ipsum dolor sit amet, consectetur adipiscing elit. Mauris vehicula et erat et malesuada. Morbi vehicula, nunc at molestie vehicula, urna lacus volutpat massa, nec ultricies massa sapien non massa. Phasellus cursus mattis ante, quis maximus ligula egestas et. Quisque a consectetur nibh, id consequat enim. Etiam at dolor eu quam gravida porttitor. Maecenas eu augue nec velit convallis pellentesque. Nam iaculis odio id massa fermentum laoreet. Etiam sapien nisi, tempor id nulla in, mattis accumsan massa. Phasellus commodo purus faucibus augue semper, sed gravida dolor eleifend. Suspendisse potenti. Aliquam ullamcorper eleifend massa, eget vestibulum ex sodales ac. Cras semper mi ac velit feugiat, in laoreet risus rhoncus.');
insert into post (id, user_id, date_created, title, content) values (5, 1, '2016-12-29 04:45:12.272', 'Getting Started with Jersey', 'Lorem ipsum dolor sit amet, consectetur adipiscing elit. Mauris vehicula et erat et malesuada. Morbi vehicula, nunc at molestie vehicula, urna lacus volutpat massa, nec ultricies massa sapien non massa. Phasellus cursus mattis ante, quis maximus ligula egestas et. Quisque a consectetur nibh, id consequat enim. Etiam at dolor eu quam gravida porttitor. Maecenas eu augue nec velit convallis pellentesque. Nam iaculis odio id massa fermentum laoreet. Etiam sapien nisi, tempor id nulla in, mattis accumsan massa. Phasellus commodo purus faucibus augue semper, sed gravida dolor eleifend. Suspendisse potenti. Aliquam ullamcorper eleifend massa, eget vestibulum ex sodales ac. Cras semper mi ac velit feugiat, in laoreet risus rhoncus.');
insert into post (id, user_id, date_created, title, content) values (6, 1, '2016-08-23 08:05:52.272', 'How to Turn Your Computer Off', 'Lorem ipsum dolor sit amet, consectetur adipiscing elit. Mauris vehicula et erat et malesuada. Morbi vehicula, nunc at molestie vehicula, urna lacus volutpat massa, nec ultricies massa sapien non massa. Phasellus cursus mattis ante, quis maximus ligula egestas et. Quisque a consectetur nibh, id consequat enim. Etiam at dolor eu quam gravida porttitor. Maecenas eu augue nec velit convallis pellentesque. Nam iaculis odio id massa fermentum laoreet. Etiam sapien nisi, tempor id nulla in, mattis accumsan massa. Phasellus commodo purus faucibus augue semper, sed gravida dolor eleifend. Suspendisse potenti. Aliquam ullamcorper eleifend massa, eget vestibulum ex sodales ac. Cras semper mi ac velit feugiat, in laoreet risus rhoncus.');
insert into post (id, user_id, date_created, title, content) values (7, 1, '2017-02-07 10:01:53.272', 'Be Happy With What You Have, But Always Strive for More', 'Lorem ipsum dolor sit amet, consectetur adipiscing elit. Mauris vehicula et erat et malesuada. Morbi vehicula, nunc at molestie vehicula, urna lacus volutpat massa, nec ultricies massa sapien non massa. Phasellus cursus mattis ante, quis maximus ligula egestas et. Quisque a consectetur nibh, id consequat enim. Etiam at dolor eu quam gravida porttitor. Maecenas eu augue nec velit convallis pellentesque. Nam iaculis odio id massa fermentum laoreet. Etiam sapien nisi, tempor id nulla in, mattis accumsan massa. Phasellus commodo purus faucibus augue semper, sed gravida dolor eleifend. Suspendisse potenti. Aliquam ullamcorper eleifend massa, eget vestibulum ex sodales ac. Cras semper mi ac velit feugiat, in laoreet risus rhoncus.');
insert into post (id, user_id, date_created, title, content) values (8, 1, '2016-05-14 20:04:10.272', 'How to Turn Your Computer Off', 'Lorem ipsum dolor sit amet, consectetur adipiscing elit. Mauris vehicula et erat et malesuada. Morbi vehicula, nunc at molestie vehicula, urna lacus volutpat massa, nec ultricies massa sapien non massa. Phasellus cursus mattis ante, quis maximus ligula egestas et. Quisque a consectetur nibh, id consequat enim. Etiam at dolor eu quam gravida porttitor. Maecenas eu augue nec velit convallis pellentesque. Nam iaculis odio id massa fermentum laoreet. Etiam sapien nisi, tempor id nulla in, mattis accumsan massa. Phasellus commodo purus faucibus augue semper, sed gravida dolor eleifend. Suspendisse potenti. Aliquam ullamcorper eleifend massa, eget vestibulum ex sodales ac. Cras semper mi ac velit feugiat, in laoreet risus rhoncus.');
insert into post (id, user_id, date_created, title, content) values (9, 1, '2016-11-26 08:39:18.272', 'Why Angular Is So Cool', 'Lorem ipsum dolor sit amet, consectetur adipiscing elit. Mauris vehicula et erat et malesuada. Morbi vehicula, nunc at molestie vehicula, urna lacus volutpat massa, nec ultricies massa sapien non massa. Phasellus cursus mattis ante, quis maximus ligula egestas et. Quisque a consectetur nibh, id consequat enim. Etiam at dolor eu quam gravida porttitor. Maecenas eu augue nec velit convallis pellentesque. Nam iaculis odio id massa fermentum laoreet. Etiam sapien nisi, tempor id nulla in, mattis accumsan massa. Phasellus commodo purus faucibus augue semper, sed gravida dolor eleifend. Suspendisse potenti. Aliquam ullamcorper eleifend massa, eget vestibulum ex sodales ac. Cras semper mi ac velit feugiat, in laoreet risus rhoncus.');
insert into post (id, user_id, date_created, title, content) values (10, 1, '2016-05-26 09:59:43.272', 'Why Waking Up at 5am is Awesome', 'Lorem ipsum dolor sit amet, consectetur adipiscing elit. Mauris vehicula et erat et malesuada. Morbi vehicula, nunc at molestie vehicula, urna lacus volutpat massa, nec ultricies massa sapien non massa. Phasellus cursus mattis ante, quis maximus ligula egestas et. Quisque a consectetur nibh, id consequat enim. Etiam at dolor eu quam gravida porttitor. Maecenas eu augue nec velit convallis pellentesque. Nam iaculis odio id massa fermentum laoreet. Etiam sapien nisi, tempor id nulla in, mattis accumsan massa. Phasellus commodo purus faucibus augue semper, sed gravida dolor eleifend. Suspendisse potenti. Aliquam ullamcorper eleifend massa, eget vestibulum ex sodales ac. Cras semper mi ac velit feugiat, in laoreet risus rhoncus.');
insert into post (id, user_id, date_created, title, content) values (11, 2, '2016-05-25 20:32:23.288', 'Be Happy With What You Have, But Always Strive for More', 'Lorem ipsum dolor sit amet, consectetur adipiscing elit. Mauris vehicula et erat et malesuada. Morbi vehicula, nunc at molestie vehicula, urna lacus volutpat massa, nec ultricies massa sapien non massa. Phasellus cursus mattis ante, quis maximus ligula egestas et. Quisque a consectetur nibh, id consequat enim. Etiam at dolor eu quam gravida porttitor. Maecenas eu augue nec velit convallis pellentesque. Nam iaculis odio id massa fermentum laoreet. Etiam sapien nisi, tempor id nulla in, mattis accumsan massa. Phasellus commodo purus faucibus augue semper, sed gravida dolor eleifend. Suspendisse potenti. Aliquam ullamcorper eleifend massa, eget vestibulum ex sodales ac. Cras semper mi ac velit feugiat, in laoreet risus rhoncus.');
insert into post (id, user_id, date_created, title, content) values (12, 2, '2016-05-26 16:43:11.288', 'How use NgRx with Angular', 'Lorem ipsum dolor sit amet, consectetur adipiscing elit. Mauris vehicula et erat et malesuada. Morbi vehicula, nunc at molestie vehicula, urna lacus volutpat massa, nec ultricies massa sapien non massa. Phasellus cursus mattis ante, quis maximus ligula egestas et. Quisque a consectetur nibh, id consequat enim. Etiam at dolor eu quam gravida porttitor. Maecenas eu augue nec velit convallis pellentesque. Nam iaculis odio id massa fermentum laoreet. Etiam sapien nisi, tempor id nulla in, mattis accumsan massa. Phasellus commodo purus faucibus augue semper, sed gravida dolor eleifend. Suspendisse potenti. Aliquam ullamcorper eleifend massa, eget vestibulum ex sodales ac. Cras semper mi ac velit feugiat, in laoreet risus rhoncus.');
insert into post (id, user_id, date_created, title, content) values (13, 2, '2016-10-19 21:54:39.288', 'How to Turn Your Computer On', 'Lorem ipsum dolor sit amet, consectetur adipiscing elit. Mauris vehicula et erat et malesuada. Morbi vehicula, nunc at molestie vehicula, urna lacus volutpat massa, nec ultricies massa sapien non massa. Phasellus cursus mattis ante, quis maximus ligula egestas et. Quisque a consectetur nibh, id consequat enim. Etiam at dolor eu quam gravida porttitor. Maecenas eu augue nec velit convallis pellentesque. Nam iaculis odio id massa fermentum laoreet. Etiam sapien nisi, tempor id nulla in, mattis accumsan massa. Phasellus commodo purus faucibus augue semper, sed gravida dolor eleifend. Suspendisse potenti. Aliquam ullamcorper eleifend massa, eget vestibulum ex sodales ac. Cras semper mi ac velit feugiat, in laoreet risus rhoncus.');
insert into post (id, user_id, date_created, title, content) values (14, 2, '2016-07-11 20:05:18.288', 'Getting Started with Jersey', 'Lorem ipsum dolor sit amet, consectetur adipiscing elit. Mauris vehicula et erat et malesuada. Morbi vehicula, nunc at molestie vehicula, urna lacus volutpat massa, nec ultricies massa sapien non massa. Phasellus cursus mattis ante, quis maximus ligula egestas et. Quisque a consectetur nibh, id consequat enim. Etiam at dolor eu quam gravida porttitor. Maecenas eu augue nec velit convallis pellentesque. Nam iaculis odio id massa fermentum laoreet. Etiam sapien nisi, tempor id nulla in, mattis accumsan massa. Phasellus commodo purus faucibus augue semper, sed gravida dolor eleifend. Suspendisse potenti. Aliquam ullamcorper eleifend massa, eget vestibulum ex sodales ac. Cras semper mi ac velit feugiat, in laoreet risus rhoncus.');
insert into post (id, user_id, date_created, title, content) values (15, 2, '2016-09-13 08:37:47.304', 'How To Read 10 Books in 10 Days', 'Lorem ipsum dolor sit amet, consectetur adipiscing elit. Mauris vehicula et erat et malesuada. Morbi vehicula, nunc at molestie vehicula, urna lacus volutpat massa, nec ultricies massa sapien non massa. Phasellus cursus mattis ante, quis maximus ligula egestas et. Quisque a consectetur nibh, id consequat enim. Etiam at dolor eu quam gravida porttitor. Maecenas eu augue nec velit convallis pellentesque. Nam iaculis odio id massa fermentum laoreet. Etiam sapien nisi, tempor id nulla in, mattis accumsan massa. Phasellus commodo purus faucibus augue semper, sed gravida dolor eleifend. Suspendisse potenti. Aliquam ullamcorper eleifend massa, eget vestibulum ex sodales ac. Cras semper mi ac velit feugiat, in laoreet risus rhoncus.');
insert into post (id, user_id, date_created, title, content) values (16, 2, '2016-04-17 02:50:42.304', 'Getting Started with Jersey', 'Lorem ipsum dolor sit amet, consectetur adipiscing elit. Mauris vehicula et erat et malesuada. Morbi vehicula, nunc at molestie vehicula, urna lacus volutpat massa, nec ultricies massa sapien non massa. Phasellus cursus mattis ante, quis maximus ligula egestas et. Quisque a consectetur nibh, id consequat enim. Etiam at dolor eu quam gravida porttitor. Maecenas eu augue nec velit convallis pellentesque. Nam iaculis odio id massa fermentum laoreet. Etiam sapien nisi, tempor id nulla in, mattis accumsan massa. Phasellus commodo purus faucibus augue semper, sed gravida dolor eleifend. Suspendisse potenti. Aliquam ullamcorper eleifend massa, eget vestibulum ex sodales ac. Cras semper mi ac velit feugiat, in laoreet risus rhoncus.');
insert into post (id, user_id, date_created, title, content) values (17, 2, '2016-08-26 15:39:50.304', 'How to Turn Your Computer On', 'Lorem ipsum dolor sit amet, consectetur adipiscing elit. Mauris vehicula et erat et malesuada. Morbi vehicula, nunc at molestie vehicula, urna lacus volutpat massa, nec ultricies massa sapien non massa. Phasellus cursus mattis ante, quis maximus ligula egestas et. Quisque a consectetur nibh, id consequat enim. Etiam at dolor eu quam gravida porttitor. Maecenas eu augue nec velit convallis pellentesque. Nam iaculis odio id massa fermentum laoreet. Etiam sapien nisi, tempor id nulla in, mattis accumsan massa. Phasellus commodo purus faucibus augue semper, sed gravida dolor eleifend. Suspendisse potenti. Aliquam ullamcorper eleifend massa, eget vestibulum ex sodales ac. Cras semper mi ac velit feugiat, in laoreet risus rhoncus.');
insert into post (id, user_id, date_created, title, content) values (18, 2, '2016-09-18 04:48:23.304', 'How the Grinch Stole The White House', 'Lorem ipsum dolor sit amet, consectetur adipiscing elit. Mauris vehicula et erat et malesuada. Morbi vehicula, nunc at molestie vehicula, urna lacus volutpat massa, nec ultricies massa sapien non massa. Phasellus cursus mattis ante, quis maximus ligula egestas et. Quisque a consectetur nibh, id consequat enim. Etiam at dolor eu quam gravida porttitor. Maecenas eu augue nec velit convallis pellentesque. Nam iaculis odio id massa fermentum laoreet. Etiam sapien nisi, tempor id nulla in, mattis accumsan massa. Phasellus commodo purus faucibus augue semper, sed gravida dolor eleifend. Suspendisse potenti. Aliquam ullamcorper eleifend massa, eget vestibulum ex sodales ac. Cras semper mi ac velit feugiat, in laoreet risus rhoncus.');
insert into post (id, user_id, date_created, title, content) values (19, 2, '2016-04-04 06:27:22.304', 'Vampires Originated From Aliens Mixing Human DNA with Mosquito DNA', 'Lorem ipsum dolor sit amet, consectetur adipiscing elit. Mauris vehicula et erat et malesuada. Morbi vehicula, nunc at molestie vehicula, urna lacus volutpat massa, nec ultricies massa sapien non massa. Phasellus cursus mattis ante, quis maximus ligula egestas et. Quisque a consectetur nibh, id consequat enim. Etiam at dolor eu quam gravida porttitor. Maecenas eu augue nec velit convallis pellentesque. Nam iaculis odio id massa fermentum laoreet. Etiam sapien nisi, tempor id nulla in, mattis accumsan massa. Phasellus commodo purus faucibus augue semper, sed gravida dolor eleifend. Suspendisse potenti. Aliquam ullamcorper eleifend massa, eget vestibulum ex sodales ac. Cras semper mi ac velit feugiat, in laoreet risus rhoncus.');
insert into post (id, user_id, date_created, title, content) values (20, 2, '2017-01-05 02:45:50.304', 'Why You Shouldnt Eat Laying Down', 'Lorem ipsum dolor sit amet, consectetur adipiscing elit. Mauris vehicula et erat et malesuada. Morbi vehicula, nunc at molestie vehicula, urna lacus volutpat massa, nec ultricies massa sapien non massa. Phasellus cursus mattis ante, quis maximus ligula egestas et. Quisque a consectetur nibh, id consequat enim. Etiam at dolor eu quam gravida porttitor. Maecenas eu augue nec velit convallis pellentesque. Nam iaculis odio id massa fermentum laoreet. Etiam sapien nisi, tempor id nulla in, mattis accumsan massa. Phasellus commodo purus faucibus augue semper, sed gravida dolor eleifend. Suspendisse potenti. Aliquam ullamcorper eleifend massa, eget vestibulum ex sodales ac. Cras semper mi ac velit feugiat, in laoreet risus rhoncus.');
insert into post (id, user_id, date_created, title, content) values (21, 3, '2016-12-23 06:41:49.319', 'Why Waking Up at 5am is Awesome', 'Lorem ipsum dolor sit amet, consectetur adipiscing elit. Mauris vehicula et erat et malesuada. Morbi vehicula, nunc at molestie vehicula, urna lacus volutpat massa, nec ultricies massa sapien non massa. Phasellus cursus mattis ante, quis maximus ligula egestas et. Quisque a consectetur nibh, id consequat enim. Etiam at dolor eu quam gravida porttitor. Maecenas eu augue nec velit convallis pellentesque. Nam iaculis odio id massa fermentum laoreet. Etiam sapien nisi, tempor id nulla in, mattis accumsan massa. Phasellus commodo purus faucibus augue semper, sed gravida dolor eleifend. Suspendisse potenti. Aliquam ullamcorper eleifend massa, eget vestibulum ex sodales ac. Cras semper mi ac velit feugiat, in laoreet risus rhoncus.');
insert into post (id, user_id, date_created, title, content) values (22, 3, '2016-10-08 19:23:31.319', 'How To Read 10 Books in 10 Days', 'Lorem ipsum dolor sit amet, consectetur adipiscing elit. Mauris vehicula et erat et malesuada. Morbi vehicula, nunc at molestie vehicula, urna lacus volutpat massa, nec ultricies massa sapien non massa. Phasellus cursus mattis ante, quis maximus ligula egestas et. Quisque a consectetur nibh, id consequat enim. Etiam at dolor eu quam gravida porttitor. Maecenas eu augue nec velit convallis pellentesque. Nam iaculis odio id massa fermentum laoreet. Etiam sapien nisi, tempor id nulla in, mattis accumsan massa. Phasellus commodo purus faucibus augue semper, sed gravida dolor eleifend. Suspendisse potenti. Aliquam ullamcorper eleifend massa, eget vestibulum ex sodales ac. Cras semper mi ac velit feugiat, in laoreet risus rhoncus.');
insert into post (id, user_id, date_created, title, content) values (23, 3, '2016-07-27 12:05:36.319', 'Vampires Originated From Aliens Mixing Human DNA with Mosquito DNA', 'Lorem ipsum dolor sit amet, consectetur adipiscing elit. Mauris vehicula et erat et malesuada. Morbi vehicula, nunc at molestie vehicula, urna lacus volutpat massa, nec ultricies massa sapien non massa. Phasellus cursus mattis ante, quis maximus ligula egestas et. Quisque a consectetur nibh, id consequat enim. Etiam at dolor eu quam gravida porttitor. Maecenas eu augue nec velit convallis pellentesque. Nam iaculis odio id massa fermentum laoreet. Etiam sapien nisi, tempor id nulla in, mattis accumsan massa. Phasellus commodo purus faucibus augue semper, sed gravida dolor eleifend. Suspendisse potenti. Aliquam ullamcorper eleifend massa, eget vestibulum ex sodales ac. Cras semper mi ac velit feugiat, in laoreet risus rhoncus.');
insert into post (id, user_id, date_created, title, content) values (24, 3, '2016-03-15 22:50:31.319', 'How To Read 10 Books in 10 Days', 'Lorem ipsum dolor sit amet, consectetur adipiscing elit. Mauris vehicula et erat et malesuada. Morbi vehicula, nunc at molestie vehicula, urna lacus volutpat massa, nec ultricies massa sapien non massa. Phasellus cursus mattis ante, quis maximus ligula egestas et. Quisque a consectetur nibh, id consequat enim. Etiam at dolor eu quam gravida porttitor. Maecenas eu augue nec velit convallis pellentesque. Nam iaculis odio id massa fermentum laoreet. Etiam sapien nisi, tempor id nulla in, mattis accumsan massa. Phasellus commodo purus faucibus augue semper, sed gravida dolor eleifend. Suspendisse potenti. Aliquam ullamcorper eleifend massa, eget vestibulum ex sodales ac. Cras semper mi ac velit feugiat, in laoreet risus rhoncus.');
insert into post (id, user_id, date_created, title, content) values (25, 3, '2017-03-05 04:46:12.319', 'Getting Started with Angular', 'Lorem ipsum dolor sit amet, consectetur adipiscing elit. Mauris vehicula et erat et malesuada. Morbi vehicula, nunc at molestie vehicula, urna lacus volutpat massa, nec ultricies massa sapien non massa. Phasellus cursus mattis ante, quis maximus ligula egestas et. Quisque a consectetur nibh, id consequat enim. Etiam at dolor eu quam gravida porttitor. Maecenas eu augue nec velit convallis pellentesque. Nam iaculis odio id massa fermentum laoreet. Etiam sapien nisi, tempor id nulla in, mattis accumsan massa. Phasellus commodo purus faucibus augue semper, sed gravida dolor eleifend. Suspendisse potenti. Aliquam ullamcorper eleifend massa, eget vestibulum ex sodales ac. Cras semper mi ac velit feugiat, in laoreet risus rhoncus.');
insert into post (id, user_id, date_created, title, content) values (26, 3, '2016-12-31 23:25:53.319', 'Be Happy With What You Have, But Always Strive for More', 'Lorem ipsum dolor sit amet, consectetur adipiscing elit. Mauris vehicula et erat et malesuada. Morbi vehicula, nunc at molestie vehicula, urna lacus volutpat massa, nec ultricies massa sapien non massa. Phasellus cursus mattis ante, quis maximus ligula egestas et. Quisque a consectetur nibh, id consequat enim. Etiam at dolor eu quam gravida porttitor. Maecenas eu augue nec velit convallis pellentesque. Nam iaculis odio id massa fermentum laoreet. Etiam sapien nisi, tempor id nulla in, mattis accumsan massa. Phasellus commodo purus faucibus augue semper, sed gravida dolor eleifend. Suspendisse potenti. Aliquam ullamcorper eleifend massa, eget vestibulum ex sodales ac. Cras semper mi ac velit feugiat, in laoreet risus rhoncus.');
insert into post (id, user_id, date_created, title, content) values (27, 3, '2016-11-25 08:22:02.319', 'How the Grinch Stole The White House', 'Lorem ipsum dolor sit amet, consectetur adipiscing elit. Mauris vehicula et erat et malesuada. Morbi vehicula, nunc at molestie vehicula, urna lacus volutpat massa, nec ultricies massa sapien non massa. Phasellus cursus mattis ante, quis maximus ligula egestas et. Quisque a consectetur nibh, id consequat enim. Etiam at dolor eu quam gravida porttitor. Maecenas eu augue nec velit convallis pellentesque. Nam iaculis odio id massa fermentum laoreet. Etiam sapien nisi, tempor id nulla in, mattis accumsan massa. Phasellus commodo purus faucibus augue semper, sed gravida dolor eleifend. Suspendisse potenti. Aliquam ullamcorper eleifend massa, eget vestibulum ex sodales ac. Cras semper mi ac velit feugiat, in laoreet risus rhoncus.');
insert into post (id, user_id, date_created, title, content) values (28, 3, '2016-08-15 15:26:59.319', 'Why Angular Is So Cool', 'Lorem ipsum dolor sit amet, consectetur adipiscing elit. Mauris vehicula et erat et malesuada. Morbi vehicula, nunc at molestie vehicula, urna lacus volutpat massa, nec ultricies massa sapien non massa. Phasellus cursus mattis ante, quis maximus ligula egestas et. Quisque a consectetur nibh, id consequat enim. Etiam at dolor eu quam gravida porttitor. Maecenas eu augue nec velit convallis pellentesque. Nam iaculis odio id massa fermentum laoreet. Etiam sapien nisi, tempor id nulla in, mattis accumsan massa. Phasellus commodo purus faucibus augue semper, sed gravida dolor eleifend. Suspendisse potenti. Aliquam ullamcorper eleifend massa, eget vestibulum ex sodales ac. Cras semper mi ac velit feugiat, in laoreet risus rhoncus.');
insert into post (id, user_id, date_created, title, content) values (29, 3, '2016-09-02 17:29:49.319', 'How to Turn Your Computer On', 'Lorem ipsum dolor sit amet, consectetur adipiscing elit. Mauris vehicula et erat et malesuada. Morbi vehicula, nunc at molestie vehicula, urna lacus volutpat massa, nec ultricies massa sapien non massa. Phasellus cursus mattis ante, quis maximus ligula egestas et. Quisque a consectetur nibh, id consequat enim. Etiam at dolor eu quam gravida porttitor. Maecenas eu augue nec velit convallis pellentesque. Nam iaculis odio id massa fermentum laoreet. Etiam sapien nisi, tempor id nulla in, mattis accumsan massa. Phasellus commodo purus faucibus augue semper, sed gravida dolor eleifend. Suspendisse potenti. Aliquam ullamcorper eleifend massa, eget vestibulum ex sodales ac. Cras semper mi ac velit feugiat, in laoreet risus rhoncus.');
insert into post (id, user_id, date_created, title, content) values (30, 3, '2016-09-02 05:17:39.319', 'Getting Started with Spring Boot', 'Lorem ipsum dolor sit amet, consectetur adipiscing elit. Mauris vehicula et erat et malesuada. Morbi vehicula, nunc at molestie vehicula, urna lacus volutpat massa, nec ultricies massa sapien non massa. Phasellus cursus mattis ante, quis maximus ligula egestas et. Quisque a consectetur nibh, id consequat enim. Etiam at dolor eu quam gravida porttitor. Maecenas eu augue nec velit convallis pellentesque. Nam iaculis odio id massa fermentum laoreet. Etiam sapien nisi, tempor id nulla in, mattis accumsan massa. Phasellus commodo purus faucibus augue semper, sed gravida dolor eleifend. Suspendisse potenti. Aliquam ullamcorper eleifend massa, eget vestibulum ex sodales ac. Cras semper mi ac velit feugiat, in laoreet risus rhoncus.');
insert into post (id, user_id, date_created, title, content) values (31, 4, '2016-12-11 22:07:45.319', 'How ReactJS Changed My Life', 'Lorem ipsum dolor sit amet, consectetur adipiscing elit. Mauris vehicula et erat et malesuada. Morbi vehicula, nunc at molestie vehicula, urna lacus volutpat massa, nec ultricies massa sapien non massa. Phasellus cursus mattis ante, quis maximus ligula egestas et. Quisque a consectetur nibh, id consequat enim. Etiam at dolor eu quam gravida porttitor. Maecenas eu augue nec velit convallis pellentesque. Nam iaculis odio id massa fermentum laoreet. Etiam sapien nisi, tempor id nulla in, mattis accumsan massa. Phasellus commodo purus faucibus augue semper, sed gravida dolor eleifend. Suspendisse potenti. Aliquam ullamcorper eleifend massa, eget vestibulum ex sodales ac. Cras semper mi ac velit feugiat, in laoreet risus rhoncus.');
insert into post (id, user_id, date_created, title, content) values (32, 4, '2016-09-02 07:23:54.319', 'Getting Started with Jersey', 'Lorem ipsum dolor sit amet, consectetur adipiscing elit. Mauris vehicula et erat et malesuada. Morbi vehicula, nunc at molestie vehicula, urna lacus volutpat massa, nec ultricies massa sapien non massa. Phasellus cursus mattis ante, quis maximus ligula egestas et. Quisque a consectetur nibh, id consequat enim. Etiam at dolor eu quam gravida porttitor. Maecenas eu augue nec velit convallis pellentesque. Nam iaculis odio id massa fermentum laoreet. Etiam sapien nisi, tempor id nulla in, mattis accumsan massa. Phasellus commodo purus faucibus augue semper, sed gravida dolor eleifend. Suspendisse potenti. Aliquam ullamcorper eleifend massa, eget vestibulum ex sodales ac. Cras semper mi ac velit feugiat, in laoreet risus rhoncus.');
insert into post (id, user_id, date_created, title, content) values (33, 4, '2017-02-08 23:52:15.319', 'How to Turn Your Computer On', 'Lorem ipsum dolor sit amet, consectetur adipiscing elit. Mauris vehicula et erat et malesuada. Morbi vehicula, nunc at molestie vehicula, urna lacus volutpat massa, nec ultricies massa sapien non massa. Phasellus cursus mattis ante, quis maximus ligula egestas et. Quisque a consectetur nibh, id consequat enim. Etiam at dolor eu quam gravida porttitor. Maecenas eu augue nec velit convallis pellentesque. Nam iaculis odio id massa fermentum laoreet. Etiam sapien nisi, tempor id nulla in, mattis accumsan massa. Phasellus commodo purus faucibus augue semper, sed gravida dolor eleifend. Suspendisse potenti. Aliquam ullamcorper eleifend massa, eget vestibulum ex sodales ac. Cras semper mi ac velit feugiat, in laoreet risus rhoncus.');
insert into post (id, user_id, date_created, title, content) values (34, 4, '2017-02-08 07:17:44.319', 'How use NgRx with Angular', 'Lorem ipsum dolor sit amet, consectetur adipiscing elit. Mauris vehicula et erat et malesuada. Morbi vehicula, nunc at molestie vehicula, urna lacus volutpat massa, nec ultricies massa sapien non massa. Phasellus cursus mattis ante, quis maximus ligula egestas et. Quisque a consectetur nibh, id consequat enim. Etiam at dolor eu quam gravida porttitor. Maecenas eu augue nec velit convallis pellentesque. Nam iaculis odio id massa fermentum laoreet. Etiam sapien nisi, tempor id nulla in, mattis accumsan massa. Phasellus commodo purus faucibus augue semper, sed gravida dolor eleifend. Suspendisse potenti. Aliquam ullamcorper eleifend massa, eget vestibulum ex sodales ac. Cras semper mi ac velit feugiat, in laoreet risus rhoncus.');
insert into post (id, user_id, date_created, title, content) values (35, 4, '2016-05-18 06:53:06.319', 'Why Angular Is So Cool', 'Lorem ipsum dolor sit amet, consectetur adipiscing elit. Mauris vehicula et erat et malesuada. Morbi vehicula, nunc at molestie vehicula, urna lacus volutpat massa, nec ultricies massa sapien non massa. Phasellus cursus mattis ante, quis maximus ligula egestas et. Quisque a consectetur nibh, id consequat enim. Etiam at dolor eu quam gravida porttitor. Maecenas eu augue nec velit convallis pellentesque. Nam iaculis odio id massa fermentum laoreet. Etiam sapien nisi, tempor id nulla in, mattis accumsan massa. Phasellus commodo purus faucibus augue semper, sed gravida dolor eleifend. Suspendisse potenti. Aliquam ullamcorper eleifend massa, eget vestibulum ex sodales ac. Cras semper mi ac velit feugiat, in laoreet risus rhoncus.');
insert into post (id, user_id, date_created, title, content) values (36, 4, '2016-05-02 05:27:25.319', 'Why Angular Is So Cool', 'Lorem ipsum dolor sit amet, consectetur adipiscing elit. Mauris vehicula et erat et malesuada. Morbi vehicula, nunc at molestie vehicula, urna lacus volutpat massa, nec ultricies massa sapien non massa. Phasellus cursus mattis ante, quis maximus ligula egestas et. Quisque a consectetur nibh, id consequat enim. Etiam at dolor eu quam gravida porttitor. Maecenas eu augue nec velit convallis pellentesque. Nam iaculis odio id massa fermentum laoreet. Etiam sapien nisi, tempor id nulla in, mattis accumsan massa. Phasellus commodo purus faucibus augue semper, sed gravida dolor eleifend. Suspendisse potenti. Aliquam ullamcorper eleifend massa, eget vestibulum ex sodales ac. Cras semper mi ac velit feugiat, in laoreet risus rhoncus.');
insert into post (id, user_id, date_created, title, content) values (37, 4, '2016-05-11 08:40:14.319', 'Vampires Originated From Aliens Mixing Human DNA with Mosquito DNA', 'Lorem ipsum dolor sit amet, consectetur adipiscing elit. Mauris vehicula et erat et malesuada. Morbi vehicula, nunc at molestie vehicula, urna lacus volutpat massa, nec ultricies massa sapien non massa. Phasellus cursus mattis ante, quis maximus ligula egestas et. Quisque a consectetur nibh, id consequat enim. Etiam at dolor eu quam gravida porttitor. Maecenas eu augue nec velit convallis pellentesque. Nam iaculis odio id massa fermentum laoreet. Etiam sapien nisi, tempor id nulla in, mattis accumsan massa. Phasellus commodo purus faucibus augue semper, sed gravida dolor eleifend. Suspendisse potenti. Aliquam ullamcorper eleifend massa, eget vestibulum ex sodales ac. Cras semper mi ac velit feugiat, in laoreet risus rhoncus.');
insert into post (id, user_id, date_created, title, content) values (38, 4, '2016-08-18 01:01:53.319', 'Using Redux with React', 'Lorem ipsum dolor sit amet, consectetur adipiscing elit. Mauris vehicula et erat et malesuada. Morbi vehicula, nunc at molestie vehicula, urna lacus volutpat massa, nec ultricies massa sapien non massa. Phasellus cursus mattis ante, quis maximus ligula egestas et. Quisque a consectetur nibh, id consequat enim. Etiam at dolor eu quam gravida porttitor. Maecenas eu augue nec velit convallis pellentesque. Nam iaculis odio id massa fermentum laoreet. Etiam sapien nisi, tempor id nulla in, mattis accumsan massa. Phasellus commodo purus faucibus augue semper, sed gravida dolor eleifend. Suspendisse potenti. Aliquam ullamcorper eleifend massa, eget vestibulum ex sodales ac. Cras semper mi ac velit feugiat, in laoreet risus rhoncus.');
insert into post (id, user_id, date_created, title, content) values (39, 4, '2016-07-10 08:21:00.319', 'How to Post on Stack Overflow', 'Lorem ipsum dolor sit amet, consectetur adipiscing elit. Mauris vehicula et erat et malesuada. Morbi vehicula, nunc at molestie vehicula, urna lacus volutpat massa, nec ultricies massa sapien non massa. Phasellus cursus mattis ante, quis maximus ligula egestas et. Quisque a consectetur nibh, id consequat enim. Etiam at dolor eu quam gravida porttitor. Maecenas eu augue nec velit convallis pellentesque. Nam iaculis odio id massa fermentum laoreet. Etiam sapien nisi, tempor id nulla in, mattis accumsan massa. Phasellus commodo purus faucibus augue semper, sed gravida dolor eleifend. Suspendisse potenti. Aliquam ullamcorper eleifend massa, eget vestibulum ex sodales ac. Cras semper mi ac velit feugiat, in laoreet risus rhoncus.');
insert into post (id, user_id, date_created, title, content) values (40, 4, '2017-01-07 12:57:55.319', 'Getting the Most Bang for Your Buck', 'Lorem ipsum dolor sit amet, consectetur adipiscing elit. Mauris vehicula et erat et malesuada. Morbi vehicula, nunc at molestie vehicula, urna lacus volutpat massa, nec ultricies massa sapien non massa. Phasellus cursus mattis ante, quis maximus ligula egestas et. Quisque a consectetur nibh, id consequat enim. Etiam at dolor eu quam gravida porttitor. Maecenas eu augue nec velit convallis pellentesque. Nam iaculis odio id massa fermentum laoreet. Etiam sapien nisi, tempor id nulla in, mattis accumsan massa. Phasellus commodo purus faucibus augue semper, sed gravida dolor eleifend. Suspendisse potenti. Aliquam ullamcorper eleifend massa, eget vestibulum ex sodales ac. Cras semper mi ac velit feugiat, in laoreet risus rhoncus.');
insert into post (id, user_id, date_created, title, content) values (41, 5, '2016-08-14 11:20:45.319', 'Vampires Originated From Aliens Mixing Human DNA with Mosquito DNA', 'Lorem ipsum dolor sit amet, consectetur adipiscing elit. Mauris vehicula et erat et malesuada. Morbi vehicula, nunc at molestie vehicula, urna lacus volutpat massa, nec ultricies massa sapien non massa. Phasellus cursus mattis ante, quis maximus ligula egestas et. Quisque a consectetur nibh, id consequat enim. Etiam at dolor eu quam gravida porttitor. Maecenas eu augue nec velit convallis pellentesque. Nam iaculis odio id massa fermentum laoreet. Etiam sapien nisi, tempor id nulla in, mattis accumsan massa. Phasellus commodo purus faucibus augue semper, sed gravida dolor eleifend. Suspendisse potenti. Aliquam ullamcorper eleifend massa, eget vestibulum ex sodales ac. Cras semper mi ac velit feugiat, in laoreet risus rhoncus.');
insert into post (id, user_id, date_created, title, content) values (42, 5, '2016-11-25 16:24:36.335', 'Using Redux with React', 'Lorem ipsum dolor sit amet, consectetur adipiscing elit. Mauris vehicula et erat et malesuada. Morbi vehicula, nunc at molestie vehicula, urna lacus volutpat massa, nec ultricies massa sapien non massa. Phasellus cursus mattis ante, quis maximus ligula egestas et. Quisque a consectetur nibh, id consequat enim. Etiam at dolor eu quam gravida porttitor. Maecenas eu augue nec velit convallis pellentesque. Nam iaculis odio id massa fermentum laoreet. Etiam sapien nisi, tempor id nulla in, mattis accumsan massa. Phasellus commodo purus faucibus augue semper, sed gravida dolor eleifend. Suspendisse potenti. Aliquam ullamcorper eleifend massa, eget vestibulum ex sodales ac. Cras semper mi ac velit feugiat, in laoreet risus rhoncus.');
insert into post (id, user_id, date_created, title, content) values (43, 5, '2017-01-24 00:13:11.335', 'How To Read 10 Books in 10 Days', 'Lorem ipsum dolor sit amet, consectetur adipiscing elit. Mauris vehicula et erat et malesuada. Morbi vehicula, nunc at molestie vehicula, urna lacus volutpat massa, nec ultricies massa sapien non massa. Phasellus cursus mattis ante, quis maximus ligula egestas et. Quisque a consectetur nibh, id consequat enim. Etiam at dolor eu quam gravida porttitor. Maecenas eu augue nec velit convallis pellentesque. Nam iaculis odio id massa fermentum laoreet. Etiam sapien nisi, tempor id nulla in, mattis accumsan massa. Phasellus commodo purus faucibus augue semper, sed gravida dolor eleifend. Suspendisse potenti. Aliquam ullamcorper eleifend massa, eget vestibulum ex sodales ac. Cras semper mi ac velit feugiat, in laoreet risus rhoncus.');
insert into post (id, user_id, date_created, title, content) values (44, 5, '2016-11-29 07:11:04.335', 'How to Turn Your Computer On', 'Lorem ipsum dolor sit amet, consectetur adipiscing elit. Mauris vehicula et erat et malesuada. Morbi vehicula, nunc at molestie vehicula, urna lacus volutpat massa, nec ultricies massa sapien non massa. Phasellus cursus mattis ante, quis maximus ligula egestas et. Quisque a consectetur nibh, id consequat enim. Etiam at dolor eu quam gravida porttitor. Maecenas eu augue nec velit convallis pellentesque. Nam iaculis odio id massa fermentum laoreet. Etiam sapien nisi, tempor id nulla in, mattis accumsan massa. Phasellus commodo purus faucibus augue semper, sed gravida dolor eleifend. Suspendisse potenti. Aliquam ullamcorper eleifend massa, eget vestibulum ex sodales ac. Cras semper mi ac velit feugiat, in laoreet risus rhoncus.');
insert into post (id, user_id, date_created, title, content) values (45, 5, '2016-08-25 05:52:48.335', 'Vampires Originated From Aliens Mixing Human DNA with Mosquito DNA', 'Lorem ipsum dolor sit amet, consectetur adipiscing elit. Mauris vehicula et erat et malesuada. Morbi vehicula, nunc at molestie vehicula, urna lacus volutpat massa, nec ultricies massa sapien non massa. Phasellus cursus mattis ante, quis maximus ligula egestas et. Quisque a consectetur nibh, id consequat enim. Etiam at dolor eu quam gravida porttitor. Maecenas eu augue nec velit convallis pellentesque. Nam iaculis odio id massa fermentum laoreet. Etiam sapien nisi, tempor id nulla in, mattis accumsan massa. Phasellus commodo purus faucibus augue semper, sed gravida dolor eleifend. Suspendisse potenti. Aliquam ullamcorper eleifend massa, eget vestibulum ex sodales ac. Cras semper mi ac velit feugiat, in laoreet risus rhoncus.');
insert into post (id, user_id, date_created, title, content) values (46, 5, '2016-07-26 02:02:09.335', 'How use NgRx with Angular', 'Lorem ipsum dolor sit amet, consectetur adipiscing elit. Mauris vehicula et erat et malesuada. Morbi vehicula, nunc at molestie vehicula, urna lacus volutpat massa, nec ultricies massa sapien non massa. Phasellus cursus mattis ante, quis maximus ligula egestas et. Quisque a consectetur nibh, id consequat enim. Etiam at dolor eu quam gravida porttitor. Maecenas eu augue nec velit convallis pellentesque. Nam iaculis odio id massa fermentum laoreet. Etiam sapien nisi, tempor id nulla in, mattis accumsan massa. Phasellus commodo purus faucibus augue semper, sed gravida dolor eleifend. Suspendisse potenti. Aliquam ullamcorper eleifend massa, eget vestibulum ex sodales ac. Cras semper mi ac velit feugiat, in laoreet risus rhoncus.');
insert into post (id, user_id, date_created, title, content) values (47, 5, '2016-07-14 05:45:18.335', 'How to Convince Elon Musk to Take You to Mars', 'Lorem ipsum dolor sit amet, consectetur adipiscing elit. Mauris vehicula et erat et malesuada. Morbi vehicula, nunc at molestie vehicula, urna lacus volutpat massa, nec ultricies massa sapien non massa. Phasellus cursus mattis ante, quis maximus ligula egestas et. Quisque a consectetur nibh, id consequat enim. Etiam at dolor eu quam gravida porttitor. Maecenas eu augue nec velit convallis pellentesque. Nam iaculis odio id massa fermentum laoreet. Etiam sapien nisi, tempor id nulla in, mattis accumsan massa. Phasellus commodo purus faucibus augue semper, sed gravida dolor eleifend. Suspendisse potenti. Aliquam ullamcorper eleifend massa, eget vestibulum ex sodales ac. Cras semper mi ac velit feugiat, in laoreet risus rhoncus.');
insert into post (id, user_id, date_created, title, content) values (48, 5, '2016-08-10 15:46:03.335', 'How To Read 10 Books in 10 Days', 'Lorem ipsum dolor sit amet, consectetur adipiscing elit. Mauris vehicula et erat et malesuada. Morbi vehicula, nunc at molestie vehicula, urna lacus volutpat massa, nec ultricies massa sapien non massa. Phasellus cursus mattis ante, quis maximus ligula egestas et. Quisque a consectetur nibh, id consequat enim. Etiam at dolor eu quam gravida porttitor. Maecenas eu augue nec velit convallis pellentesque. Nam iaculis odio id massa fermentum laoreet. Etiam sapien nisi, tempor id nulla in, mattis accumsan massa. Phasellus commodo purus faucibus augue semper, sed gravida dolor eleifend. Suspendisse potenti. Aliquam ullamcorper eleifend massa, eget vestibulum ex sodales ac. Cras semper mi ac velit feugiat, in laoreet risus rhoncus.');
insert into post (id, user_id, date_created, title, content) values (49, 5, '2016-06-14 07:54:55.335', 'Why You Shouldnt Eat Laying Down', 'Lorem ipsum dolor sit amet, consectetur adipiscing elit. Mauris vehicula et erat et malesuada. Morbi vehicula, nunc at molestie vehicula, urna lacus volutpat massa, nec ultricies massa sapien non massa. Phasellus cursus mattis ante, quis maximus ligula egestas et. Quisque a consectetur nibh, id consequat enim. Etiam at dolor eu quam gravida porttitor. Maecenas eu augue nec velit convallis pellentesque. Nam iaculis odio id massa fermentum laoreet. Etiam sapien nisi, tempor id nulla in, mattis accumsan massa. Phasellus commodo purus faucibus augue semper, sed gravida dolor eleifend. Suspendisse potenti. Aliquam ullamcorper eleifend massa, eget vestibulum ex sodales ac. Cras semper mi ac velit feugiat, in laoreet risus rhoncus.');
insert into post (id, user_id, date_created, title, content) values (50, 5, '2016-03-24 04:05:42.335', 'How use NgRx with Angular', 'Lorem ipsum dolor sit amet, consectetur adipiscing elit. Mauris vehicula et erat et malesuada. Morbi vehicula, nunc at molestie vehicula, urna lacus volutpat massa, nec ultricies massa sapien non massa. Phasellus cursus mattis ante, quis maximus ligula egestas et. Quisque a consectetur nibh, id consequat enim. Etiam at dolor eu quam gravida porttitor. Maecenas eu augue nec velit convallis pellentesque. Nam iaculis odio id massa fermentum laoreet. Etiam sapien nisi, tempor id nulla in, mattis accumsan massa. Phasellus commodo purus faucibus augue semper, sed gravida dolor eleifend. Suspendisse potenti. Aliquam ullamcorper eleifend massa, eget vestibulum ex sodales ac. Cras semper mi ac velit feugiat, in laoreet risus rhoncus.');
insert into post (id, user_id, date_created, title, content) values (51, 6, '2016-07-13 12:28:32.335', 'How to Convince Elon Musk to Take You to Mars', 'Lorem ipsum dolor sit amet, consectetur adipiscing elit. Mauris vehicula et erat et malesuada. Morbi vehicula, nunc at molestie vehicula, urna lacus volutpat massa, nec ultricies massa sapien non massa. Phasellus cursus mattis ante, quis maximus ligula egestas et. Quisque a consectetur nibh, id consequat enim. Etiam at dolor eu quam gravida porttitor. Maecenas eu augue nec velit convallis pellentesque. Nam iaculis odio id massa fermentum laoreet. Etiam sapien nisi, tempor id nulla in, mattis accumsan massa. Phasellus commodo purus faucibus augue semper, sed gravida dolor eleifend. Suspendisse potenti. Aliquam ullamcorper eleifend massa, eget vestibulum ex sodales ac. Cras semper mi ac velit feugiat, in laoreet risus rhoncus.');
insert into post (id, user_id, date_created, title, content) values (52, 6, '2017-01-14 17:56:51.366', 'How to Turn Your Computer Off', 'Lorem ipsum dolor sit amet, consectetur adipiscing elit. Mauris vehicula et erat et malesuada. Morbi vehicula, nunc at molestie vehicula, urna lacus volutpat massa, nec ultricies massa sapien non massa. Phasellus cursus mattis ante, quis maximus ligula egestas et. Quisque a consectetur nibh, id consequat enim. Etiam at dolor eu quam gravida porttitor. Maecenas eu augue nec velit convallis pellentesque. Nam iaculis odio id massa fermentum laoreet. Etiam sapien nisi, tempor id nulla in, mattis accumsan massa. Phasellus commodo purus faucibus augue semper, sed gravida dolor eleifend. Suspendisse potenti. Aliquam ullamcorper eleifend massa, eget vestibulum ex sodales ac. Cras semper mi ac velit feugiat, in laoreet risus rhoncus.');
insert into post (id, user_id, date_created, title, content) values (53, 6, '2016-10-21 00:56:09.366', 'How To Read 10 Books in 10 Days', 'Lorem ipsum dolor sit amet, consectetur adipiscing elit. Mauris vehicula et erat et malesuada. Morbi vehicula, nunc at molestie vehicula, urna lacus volutpat massa, nec ultricies massa sapien non massa. Phasellus cursus mattis ante, quis maximus ligula egestas et. Quisque a consectetur nibh, id consequat enim. Etiam at dolor eu quam gravida porttitor. Maecenas eu augue nec velit convallis pellentesque. Nam iaculis odio id massa fermentum laoreet. Etiam sapien nisi, tempor id nulla in, mattis accumsan massa. Phasellus commodo purus faucibus augue semper, sed gravida dolor eleifend. Suspendisse potenti. Aliquam ullamcorper eleifend massa, eget vestibulum ex sodales ac. Cras semper mi ac velit feugiat, in laoreet risus rhoncus.');
insert into post (id, user_id, date_created, title, content) values (54, 6, '2016-05-08 20:06:23.366', 'Why Waking Up at 5am is Awesome', 'Lorem ipsum dolor sit amet, consectetur adipiscing elit. Mauris vehicula et erat et malesuada. Morbi vehicula, nunc at molestie vehicula, urna lacus volutpat massa, nec ultricies massa sapien non massa. Phasellus cursus mattis ante, quis maximus ligula egestas et. Quisque a consectetur nibh, id consequat enim. Etiam at dolor eu quam gravida porttitor. Maecenas eu augue nec velit convallis pellentesque. Nam iaculis odio id massa fermentum laoreet. Etiam sapien nisi, tempor id nulla in, mattis accumsan massa. Phasellus commodo purus faucibus augue semper, sed gravida dolor eleifend. Suspendisse potenti. Aliquam ullamcorper eleifend massa, eget vestibulum ex sodales ac. Cras semper mi ac velit feugiat, in laoreet risus rhoncus.');
insert into post (id, user_id, date_created, title, content) values (55, 6, '2016-04-07 10:45:37.382', 'Why Angular Is So Cool', 'Lorem ipsum dolor sit amet, consectetur adipiscing elit. Mauris vehicula et erat et malesuada. Morbi vehicula, nunc at molestie vehicula, urna lacus volutpat massa, nec ultricies massa sapien non massa. Phasellus cursus mattis ante, quis maximus ligula egestas et. Quisque a consectetur nibh, id consequat enim. Etiam at dolor eu quam gravida porttitor. Maecenas eu augue nec velit convallis pellentesque. Nam iaculis odio id massa fermentum laoreet. Etiam sapien nisi, tempor id nulla in, mattis accumsan massa. Phasellus commodo purus faucibus augue semper, sed gravida dolor eleifend. Suspendisse potenti. Aliquam ullamcorper eleifend massa, eget vestibulum ex sodales ac. Cras semper mi ac velit feugiat, in laoreet risus rhoncus.');
insert into post (id, user_id, date_created, title, content) values (56, 6, '2017-02-04 08:01:54.382', 'How to Post on Stack Overflow', 'Lorem ipsum dolor sit amet, consectetur adipiscing elit. Mauris vehicula et erat et malesuada. Morbi vehicula, nunc at molestie vehicula, urna lacus volutpat massa, nec ultricies massa sapien non massa. Phasellus cursus mattis ante, quis maximus ligula egestas et. Quisque a consectetur nibh, id consequat enim. Etiam at dolor eu quam gravida porttitor. Maecenas eu augue nec velit convallis pellentesque. Nam iaculis odio id massa fermentum laoreet. Etiam sapien nisi, tempor id nulla in, mattis accumsan massa. Phasellus commodo purus faucibus augue semper, sed gravida dolor eleifend. Suspendisse potenti. Aliquam ullamcorper eleifend massa, eget vestibulum ex sodales ac. Cras semper mi ac velit feugiat, in laoreet risus rhoncus.');
insert into post (id, user_id, date_created, title, content) values (57, 6, '2016-04-12 10:46:39.382', 'How to Convince Elon Musk to Take You to Mars', 'Lorem ipsum dolor sit amet, consectetur adipiscing elit. Mauris vehicula et erat et malesuada. Morbi vehicula, nunc at molestie vehicula, urna lacus volutpat massa, nec ultricies massa sapien non massa. Phasellus cursus mattis ante, quis maximus ligula egestas et. Quisque a consectetur nibh, id consequat enim. Etiam at dolor eu quam gravida porttitor. Maecenas eu augue nec velit convallis pellentesque. Nam iaculis odio id massa fermentum laoreet. Etiam sapien nisi, tempor id nulla in, mattis accumsan massa. Phasellus commodo purus faucibus augue semper, sed gravida dolor eleifend. Suspendisse potenti. Aliquam ullamcorper eleifend massa, eget vestibulum ex sodales ac. Cras semper mi ac velit feugiat, in laoreet risus rhoncus.');
insert into post (id, user_id, date_created, title, content) values (58, 6, '2016-07-01 19:16:50.397', 'How use NgRx with Angular', 'Lorem ipsum dolor sit amet, consectetur adipiscing elit. Mauris vehicula et erat et malesuada. Morbi vehicula, nunc at molestie vehicula, urna lacus volutpat massa, nec ultricies massa sapien non massa. Phasellus cursus mattis ante, quis maximus ligula egestas et. Quisque a consectetur nibh, id consequat enim. Etiam at dolor eu quam gravida porttitor. Maecenas eu augue nec velit convallis pellentesque. Nam iaculis odio id massa fermentum laoreet. Etiam sapien nisi, tempor id nulla in, mattis accumsan massa. Phasellus commodo purus faucibus augue semper, sed gravida dolor eleifend. Suspendisse potenti. Aliquam ullamcorper eleifend massa, eget vestibulum ex sodales ac. Cras semper mi ac velit feugiat, in laoreet risus rhoncus.');
insert into post (id, user_id, date_created, title, content) values (59, 6, '2016-07-08 11:05:00.397', 'How To Read 10 Books in 10 Days', 'Lorem ipsum dolor sit amet, consectetur adipiscing elit. Mauris vehicula et erat et malesuada. Morbi vehicula, nunc at molestie vehicula, urna lacus volutpat massa, nec ultricies massa sapien non massa. Phasellus cursus mattis ante, quis maximus ligula egestas et. Quisque a consectetur nibh, id consequat enim. Etiam at dolor eu quam gravida porttitor. Maecenas eu augue nec velit convallis pellentesque. Nam iaculis odio id massa fermentum laoreet. Etiam sapien nisi, tempor id nulla in, mattis accumsan massa. Phasellus commodo purus faucibus augue semper, sed gravida dolor eleifend. Suspendisse potenti. Aliquam ullamcorper eleifend massa, eget vestibulum ex sodales ac. Cras semper mi ac velit feugiat, in laoreet risus rhoncus.');
insert into post (id, user_id, date_created, title, content) values (60, 6, '2016-09-29 00:45:20.397', 'Getting the Most Bang for Your Buck', 'Lorem ipsum dolor sit amet, consectetur adipiscing elit. Mauris vehicula et erat et malesuada. Morbi vehicula, nunc at molestie vehicula, urna lacus volutpat massa, nec ultricies massa sapien non massa. Phasellus cursus mattis ante, quis maximus ligula egestas et. Quisque a consectetur nibh, id consequat enim. Etiam at dolor eu quam gravida porttitor. Maecenas eu augue nec velit convallis pellentesque. Nam iaculis odio id massa fermentum laoreet. Etiam sapien nisi, tempor id nulla in, mattis accumsan massa. Phasellus commodo purus faucibus augue semper, sed gravida dolor eleifend. Suspendisse potenti. Aliquam ullamcorper eleifend massa, eget vestibulum ex sodales ac. Cras semper mi ac velit feugiat, in laoreet risus rhoncus.');
insert into post (id, user_id, date_created, title, content) values (61, 7, '2016-05-19 08:52:51.397', 'How ReactJS Changed My Life', 'Lorem ipsum dolor sit amet, consectetur adipiscing elit. Mauris vehicula et erat et malesuada. Morbi vehicula, nunc at molestie vehicula, urna lacus volutpat massa, nec ultricies massa sapien non massa. Phasellus cursus mattis ante, quis maximus ligula egestas et. Quisque a consectetur nibh, id consequat enim. Etiam at dolor eu quam gravida porttitor. Maecenas eu augue nec velit convallis pellentesque. Nam iaculis odio id massa fermentum laoreet. Etiam sapien nisi, tempor id nulla in, mattis accumsan massa. Phasellus commodo purus faucibus augue semper, sed gravida dolor eleifend. Suspendisse potenti. Aliquam ullamcorper eleifend massa, eget vestibulum ex sodales ac. Cras semper mi ac velit feugiat, in laoreet risus rhoncus.');
insert into post (id, user_id, date_created, title, content) values (62, 7, '2016-09-10 13:31:34.397', 'Getting the Most Bang for Your Buck', 'Lorem ipsum dolor sit amet, consectetur adipiscing elit. Mauris vehicula et erat et malesuada. Morbi vehicula, nunc at molestie vehicula, urna lacus volutpat massa, nec ultricies massa sapien non massa. Phasellus cursus mattis ante, quis maximus ligula egestas et. Quisque a consectetur nibh, id consequat enim. Etiam at dolor eu quam gravida porttitor. Maecenas eu augue nec velit convallis pellentesque. Nam iaculis odio id massa fermentum laoreet. Etiam sapien nisi, tempor id nulla in, mattis accumsan massa. Phasellus commodo purus faucibus augue semper, sed gravida dolor eleifend. Suspendisse potenti. Aliquam ullamcorper eleifend massa, eget vestibulum ex sodales ac. Cras semper mi ac velit feugiat, in laoreet risus rhoncus.');
insert into post (id, user_id, date_created, title, content) values (63, 7, '2016-07-04 05:05:53.397', 'Using Redux with React', 'Lorem ipsum dolor sit amet, consectetur adipiscing elit. Mauris vehicula et erat et malesuada. Morbi vehicula, nunc at molestie vehicula, urna lacus volutpat massa, nec ultricies massa sapien non massa. Phasellus cursus mattis ante, quis maximus ligula egestas et. Quisque a consectetur nibh, id consequat enim. Etiam at dolor eu quam gravida porttitor. Maecenas eu augue nec velit convallis pellentesque. Nam iaculis odio id massa fermentum laoreet. Etiam sapien nisi, tempor id nulla in, mattis accumsan massa. Phasellus commodo purus faucibus augue semper, sed gravida dolor eleifend. Suspendisse potenti. Aliquam ullamcorper eleifend massa, eget vestibulum ex sodales ac. Cras semper mi ac velit feugiat, in laoreet risus rhoncus.');
insert into post (id, user_id, date_created, title, content) values (64, 7, '2016-04-30 23:02:20.397', 'How ReactJS Changed My Life', 'Lorem ipsum dolor sit amet, consectetur adipiscing elit. Mauris vehicula et erat et malesuada. Morbi vehicula, nunc at molestie vehicula, urna lacus volutpat massa, nec ultricies massa sapien non massa. Phasellus cursus mattis ante, quis maximus ligula egestas et. Quisque a consectetur nibh, id consequat enim. Etiam at dolor eu quam gravida porttitor. Maecenas eu augue nec velit convallis pellentesque. Nam iaculis odio id massa fermentum laoreet. Etiam sapien nisi, tempor id nulla in, mattis accumsan massa. Phasellus commodo purus faucibus augue semper, sed gravida dolor eleifend. Suspendisse potenti. Aliquam ullamcorper eleifend massa, eget vestibulum ex sodales ac. Cras semper mi ac velit feugiat, in laoreet risus rhoncus.');
insert into post (id, user_id, date_created, title, content) values (65, 7, '2017-01-27 14:57:36.397', 'Getting Started with ReactJS', 'Lorem ipsum dolor sit amet, consectetur adipiscing elit. Mauris vehicula et erat et malesuada. Morbi vehicula, nunc at molestie vehicula, urna lacus volutpat massa, nec ultricies massa sapien non massa. Phasellus cursus mattis ante, quis maximus ligula egestas et. Quisque a consectetur nibh, id consequat enim. Etiam at dolor eu quam gravida porttitor. Maecenas eu augue nec velit convallis pellentesque. Nam iaculis odio id massa fermentum laoreet. Etiam sapien nisi, tempor id nulla in, mattis accumsan massa. Phasellus commodo purus faucibus augue semper, sed gravida dolor eleifend. Suspendisse potenti. Aliquam ullamcorper eleifend massa, eget vestibulum ex sodales ac. Cras semper mi ac velit feugiat, in laoreet risus rhoncus.');
insert into post (id, user_id, date_created, title, content) values (66, 7, '2017-03-06 16:19:58.397', 'Why Angular Is So Cool', 'Lorem ipsum dolor sit amet, consectetur adipiscing elit. Mauris vehicula et erat et malesuada. Morbi vehicula, nunc at molestie vehicula, urna lacus volutpat massa, nec ultricies massa sapien non massa. Phasellus cursus mattis ante, quis maximus ligula egestas et. Quisque a consectetur nibh, id consequat enim. Etiam at dolor eu quam gravida porttitor. Maecenas eu augue nec velit convallis pellentesque. Nam iaculis odio id massa fermentum laoreet. Etiam sapien nisi, tempor id nulla in, mattis accumsan massa. Phasellus commodo purus faucibus augue semper, sed gravida dolor eleifend. Suspendisse potenti. Aliquam ullamcorper eleifend massa, eget vestibulum ex sodales ac. Cras semper mi ac velit feugiat, in laoreet risus rhoncus.');
insert into post (id, user_id, date_created, title, content) values (67, 7, '2016-08-18 09:20:34.397', 'Why You Shouldnt Eat Laying Down', 'Lorem ipsum dolor sit amet, consectetur adipiscing elit. Mauris vehicula et erat et malesuada. Morbi vehicula, nunc at molestie vehicula, urna lacus volutpat massa, nec ultricies massa sapien non massa. Phasellus cursus mattis ante, quis maximus ligula egestas et. Quisque a consectetur nibh, id consequat enim. Etiam at dolor eu quam gravida porttitor. Maecenas eu augue nec velit convallis pellentesque. Nam iaculis odio id massa fermentum laoreet. Etiam sapien nisi, tempor id nulla in, mattis accumsan massa. Phasellus commodo purus faucibus augue semper, sed gravida dolor eleifend. Suspendisse potenti. Aliquam ullamcorper eleifend massa, eget vestibulum ex sodales ac. Cras semper mi ac velit feugiat, in laoreet risus rhoncus.');
insert into post (id, user_id, date_created, title, content) values (68, 7, '2016-03-16 14:42:06.397', 'How to Post on Stack Overflow', 'Lorem ipsum dolor sit amet, consectetur adipiscing elit. Mauris vehicula et erat et malesuada. Morbi vehicula, nunc at molestie vehicula, urna lacus volutpat massa, nec ultricies massa sapien non massa. Phasellus cursus mattis ante, quis maximus ligula egestas et. Quisque a consectetur nibh, id consequat enim. Etiam at dolor eu quam gravida porttitor. Maecenas eu augue nec velit convallis pellentesque. Nam iaculis odio id massa fermentum laoreet. Etiam sapien nisi, tempor id nulla in, mattis accumsan massa. Phasellus commodo purus faucibus augue semper, sed gravida dolor eleifend. Suspendisse potenti. Aliquam ullamcorper eleifend massa, eget vestibulum ex sodales ac. Cras semper mi ac velit feugiat, in laoreet risus rhoncus.');
insert into post (id, user_id, date_created, title, content) values (69, 7, '2017-02-01 07:20:53.413', 'Be Happy With What You Have, But Always Strive for More', 'Lorem ipsum dolor sit amet, consectetur adipiscing elit. Mauris vehicula et erat et malesuada. Morbi vehicula, nunc at molestie vehicula, urna lacus volutpat massa, nec ultricies massa sapien non massa. Phasellus cursus mattis ante, quis maximus ligula egestas et. Quisque a consectetur nibh, id consequat enim. Etiam at dolor eu quam gravida porttitor. Maecenas eu augue nec velit convallis pellentesque. Nam iaculis odio id massa fermentum laoreet. Etiam sapien nisi, tempor id nulla in, mattis accumsan massa. Phasellus commodo purus faucibus augue semper, sed gravida dolor eleifend. Suspendisse potenti. Aliquam ullamcorper eleifend massa, eget vestibulum ex sodales ac. Cras semper mi ac velit feugiat, in laoreet risus rhoncus.');
insert into post (id, user_id, date_created, title, content) values (70, 7, '2016-04-15 22:22:58.413', 'How the Grinch Stole The White House', 'Lorem ipsum dolor sit amet, consectetur adipiscing elit. Mauris vehicula et erat et malesuada. Morbi vehicula, nunc at molestie vehicula, urna lacus volutpat massa, nec ultricies massa sapien non massa. Phasellus cursus mattis ante, quis maximus ligula egestas et. Quisque a consectetur nibh, id consequat enim. Etiam at dolor eu quam gravida porttitor. Maecenas eu augue nec velit convallis pellentesque. Nam iaculis odio id massa fermentum laoreet. Etiam sapien nisi, tempor id nulla in, mattis accumsan massa. Phasellus commodo purus faucibus augue semper, sed gravida dolor eleifend. Suspendisse potenti. Aliquam ullamcorper eleifend massa, eget vestibulum ex sodales ac. Cras semper mi ac velit feugiat, in laoreet risus rhoncus.');
insert into post (id, user_id, date_created, title, content) values (71, 8, '2016-03-14 02:18:36.413', 'Vampires Originated From Aliens Mixing Human DNA with Mosquito DNA', 'Lorem ipsum dolor sit amet, consectetur adipiscing elit. Mauris vehicula et erat et malesuada. Morbi vehicula, nunc at molestie vehicula, urna lacus volutpat massa, nec ultricies massa sapien non massa. Phasellus cursus mattis ante, quis maximus ligula egestas et. Quisque a consectetur nibh, id consequat enim. Etiam at dolor eu quam gravida porttitor. Maecenas eu augue nec velit convallis pellentesque. Nam iaculis odio id massa fermentum laoreet. Etiam sapien nisi, tempor id nulla in, mattis accumsan massa. Phasellus commodo purus faucibus augue semper, sed gravida dolor eleifend. Suspendisse potenti. Aliquam ullamcorper eleifend massa, eget vestibulum ex sodales ac. Cras semper mi ac velit feugiat, in laoreet risus rhoncus.');
insert into post (id, user_id, date_created, title, content) values (72, 8, '2016-03-16 01:23:41.413', 'How to Turn Your Computer On', 'Lorem ipsum dolor sit amet, consectetur adipiscing elit. Mauris vehicula et erat et malesuada. Morbi vehicula, nunc at molestie vehicula, urna lacus volutpat massa, nec ultricies massa sapien non massa. Phasellus cursus mattis ante, quis maximus ligula egestas et. Quisque a consectetur nibh, id consequat enim. Etiam at dolor eu quam gravida porttitor. Maecenas eu augue nec velit convallis pellentesque. Nam iaculis odio id massa fermentum laoreet. Etiam sapien nisi, tempor id nulla in, mattis accumsan massa. Phasellus commodo purus faucibus augue semper, sed gravida dolor eleifend. Suspendisse potenti. Aliquam ullamcorper eleifend massa, eget vestibulum ex sodales ac. Cras semper mi ac velit feugiat, in laoreet risus rhoncus.');
insert into post (id, user_id, date_created, title, content) values (73, 8, '2016-12-20 17:38:53.444', 'Why Waking Up at 5am is Awesome', 'Lorem ipsum dolor sit amet, consectetur adipiscing elit. Mauris vehicula et erat et malesuada. Morbi vehicula, nunc at molestie vehicula, urna lacus volutpat massa, nec ultricies massa sapien non massa. Phasellus cursus mattis ante, quis maximus ligula egestas et. Quisque a consectetur nibh, id consequat enim. Etiam at dolor eu quam gravida porttitor. Maecenas eu augue nec velit convallis pellentesque. Nam iaculis odio id massa fermentum laoreet. Etiam sapien nisi, tempor id nulla in, mattis accumsan massa. Phasellus commodo purus faucibus augue semper, sed gravida dolor eleifend. Suspendisse potenti. Aliquam ullamcorper eleifend massa, eget vestibulum ex sodales ac. Cras semper mi ac velit feugiat, in laoreet risus rhoncus.');
insert into post (id, user_id, date_created, title, content) values (74, 8, '2016-08-29 10:37:44.444', 'How ReactJS Changed My Life', 'Lorem ipsum dolor sit amet, consectetur adipiscing elit. Mauris vehicula et erat et malesuada. Morbi vehicula, nunc at molestie vehicula, urna lacus volutpat massa, nec ultricies massa sapien non massa. Phasellus cursus mattis ante, quis maximus ligula egestas et. Quisque a consectetur nibh, id consequat enim. Etiam at dolor eu quam gravida porttitor. Maecenas eu augue nec velit convallis pellentesque. Nam iaculis odio id massa fermentum laoreet. Etiam sapien nisi, tempor id nulla in, mattis accumsan massa. Phasellus commodo purus faucibus augue semper, sed gravida dolor eleifend. Suspendisse potenti. Aliquam ullamcorper eleifend massa, eget vestibulum ex sodales ac. Cras semper mi ac velit feugiat, in laoreet risus rhoncus.');
insert into post (id, user_id, date_created, title, content) values (75, 8, '2017-02-09 09:59:19.444', 'Getting Started with Angular', 'Lorem ipsum dolor sit amet, consectetur adipiscing elit. Mauris vehicula et erat et malesuada. Morbi vehicula, nunc at molestie vehicula, urna lacus volutpat massa, nec ultricies massa sapien non massa. Phasellus cursus mattis ante, quis maximus ligula egestas et. Quisque a consectetur nibh, id consequat enim. Etiam at dolor eu quam gravida porttitor. Maecenas eu augue nec velit convallis pellentesque. Nam iaculis odio id massa fermentum laoreet. Etiam sapien nisi, tempor id nulla in, mattis accumsan massa. Phasellus commodo purus faucibus augue semper, sed gravida dolor eleifend. Suspendisse potenti. Aliquam ullamcorper eleifend massa, eget vestibulum ex sodales ac. Cras semper mi ac velit feugiat, in laoreet risus rhoncus.');
insert into post (id, user_id, date_created, title, content) values (76, 8, '2016-11-23 07:11:31.444', 'Getting Started with Spring Boot', 'Lorem ipsum dolor sit amet, consectetur adipiscing elit. Mauris vehicula et erat et malesuada. Morbi vehicula, nunc at molestie vehicula, urna lacus volutpat massa, nec ultricies massa sapien non massa. Phasellus cursus mattis ante, quis maximus ligula egestas et. Quisque a consectetur nibh, id consequat enim. Etiam at dolor eu quam gravida porttitor. Maecenas eu augue nec velit convallis pellentesque. Nam iaculis odio id massa fermentum laoreet. Etiam sapien nisi, tempor id nulla in, mattis accumsan massa. Phasellus commodo purus faucibus augue semper, sed gravida dolor eleifend. Suspendisse potenti. Aliquam ullamcorper eleifend massa, eget vestibulum ex sodales ac. Cras semper mi ac velit feugiat, in laoreet risus rhoncus.');
insert into post (id, user_id, date_created, title, content) values (77, 8, '2016-12-19 22:58:17.444', 'Using Redux with React', 'Lorem ipsum dolor sit amet, consectetur adipiscing elit. Mauris vehicula et erat et malesuada. Morbi vehicula, nunc at molestie vehicula, urna lacus volutpat massa, nec ultricies massa sapien non massa. Phasellus cursus mattis ante, quis maximus ligula egestas et. Quisque a consectetur nibh, id consequat enim. Etiam at dolor eu quam gravida porttitor. Maecenas eu augue nec velit convallis pellentesque. Nam iaculis odio id massa fermentum laoreet. Etiam sapien nisi, tempor id nulla in, mattis accumsan massa. Phasellus commodo purus faucibus augue semper, sed gravida dolor eleifend. Suspendisse potenti. Aliquam ullamcorper eleifend massa, eget vestibulum ex sodales ac. Cras semper mi ac velit feugiat, in laoreet risus rhoncus.');
insert into post (id, user_id, date_created, title, content) values (78, 8, '2017-03-11 16:46:32.460', 'How the Grinch Stole The White House', 'Lorem ipsum dolor sit amet, consectetur adipiscing elit. Mauris vehicula et erat et malesuada. Morbi vehicula, nunc at molestie vehicula, urna lacus volutpat massa, nec ultricies massa sapien non massa. Phasellus cursus mattis ante, quis maximus ligula egestas et. Quisque a consectetur nibh, id consequat enim. Etiam at dolor eu quam gravida porttitor. Maecenas eu augue nec velit convallis pellentesque. Nam iaculis odio id massa fermentum laoreet. Etiam sapien nisi, tempor id nulla in, mattis accumsan massa. Phasellus commodo purus faucibus augue semper, sed gravida dolor eleifend. Suspendisse potenti. Aliquam ullamcorper eleifend massa, eget vestibulum ex sodales ac. Cras semper mi ac velit feugiat, in laoreet risus rhoncus.');
insert into post (id, user_id, date_created, title, content) values (79, 8, '2016-05-31 20:12:49.460', 'How to Turn Your Computer Off', 'Lorem ipsum dolor sit amet, consectetur adipiscing elit. Mauris vehicula et erat et malesuada. Morbi vehicula, nunc at molestie vehicula, urna lacus volutpat massa, nec ultricies massa sapien non massa. Phasellus cursus mattis ante, quis maximus ligula egestas et. Quisque a consectetur nibh, id consequat enim. Etiam at dolor eu quam gravida porttitor. Maecenas eu augue nec velit convallis pellentesque. Nam iaculis odio id massa fermentum laoreet. Etiam sapien nisi, tempor id nulla in, mattis accumsan massa. Phasellus commodo purus faucibus augue semper, sed gravida dolor eleifend. Suspendisse potenti. Aliquam ullamcorper eleifend massa, eget vestibulum ex sodales ac. Cras semper mi ac velit feugiat, in laoreet risus rhoncus.');
insert into post (id, user_id, date_created, title, content) values (80, 8, '2016-10-28 15:40:11.460', 'How to Turn Your Computer On', 'Lorem ipsum dolor sit amet, consectetur adipiscing elit. Mauris vehicula et erat et malesuada. Morbi vehicula, nunc at molestie vehicula, urna lacus volutpat massa, nec ultricies massa sapien non massa. Phasellus cursus mattis ante, quis maximus ligula egestas et. Quisque a consectetur nibh, id consequat enim. Etiam at dolor eu quam gravida porttitor. Maecenas eu augue nec velit convallis pellentesque. Nam iaculis odio id massa fermentum laoreet. Etiam sapien nisi, tempor id nulla in, mattis accumsan massa. Phasellus commodo purus faucibus augue semper, sed gravida dolor eleifend. Suspendisse potenti. Aliquam ullamcorper eleifend massa, eget vestibulum ex sodales ac. Cras semper mi ac velit feugiat, in laoreet risus rhoncus.');
insert into post (id, user_id, date_created, title, content) values (81, 9, '2017-01-08 11:39:15.460', 'Getting Started with Jersey', 'Lorem ipsum dolor sit amet, consectetur adipiscing elit. Mauris vehicula et erat et malesuada. Morbi vehicula, nunc at molestie vehicula, urna lacus volutpat massa, nec ultricies massa sapien non massa. Phasellus cursus mattis ante, quis maximus ligula egestas et. Quisque a consectetur nibh, id consequat enim. Etiam at dolor eu quam gravida porttitor. Maecenas eu augue nec velit convallis pellentesque. Nam iaculis odio id massa fermentum laoreet. Etiam sapien nisi, tempor id nulla in, mattis accumsan massa. Phasellus commodo purus faucibus augue semper, sed gravida dolor eleifend. Suspendisse potenti. Aliquam ullamcorper eleifend massa, eget vestibulum ex sodales ac. Cras semper mi ac velit feugiat, in laoreet risus rhoncus.');
insert into post (id, user_id, date_created, title, content) values (82, 9, '2016-05-22 04:52:36.460', 'Why Angular Is So Cool', 'Lorem ipsum dolor sit amet, consectetur adipiscing elit. Mauris vehicula et erat et malesuada. Morbi vehicula, nunc at molestie vehicula, urna lacus volutpat massa, nec ultricies massa sapien non massa. Phasellus cursus mattis ante, quis maximus ligula egestas et. Quisque a consectetur nibh, id consequat enim. Etiam at dolor eu quam gravida porttitor. Maecenas eu augue nec velit convallis pellentesque. Nam iaculis odio id massa fermentum laoreet. Etiam sapien nisi, tempor id nulla in, mattis accumsan massa. Phasellus commodo purus faucibus augue semper, sed gravida dolor eleifend. Suspendisse potenti. Aliquam ullamcorper eleifend massa, eget vestibulum ex sodales ac. Cras semper mi ac velit feugiat, in laoreet risus rhoncus.');
insert into post (id, user_id, date_created, title, content) values (83, 9, '2016-06-14 01:53:43.460', 'Be Happy With What You Have, But Always Strive for More', 'Lorem ipsum dolor sit amet, consectetur adipiscing elit. Mauris vehicula et erat et malesuada. Morbi vehicula, nunc at molestie vehicula, urna lacus volutpat massa, nec ultricies massa sapien non massa. Phasellus cursus mattis ante, quis maximus ligula egestas et. Quisque a consectetur nibh, id consequat enim. Etiam at dolor eu quam gravida porttitor. Maecenas eu augue nec velit convallis pellentesque. Nam iaculis odio id massa fermentum laoreet. Etiam sapien nisi, tempor id nulla in, mattis accumsan massa. Phasellus commodo purus faucibus augue semper, sed gravida dolor eleifend. Suspendisse potenti. Aliquam ullamcorper eleifend massa, eget vestibulum ex sodales ac. Cras semper mi ac velit feugiat, in laoreet risus rhoncus.');
insert into post (id, user_id, date_created, title, content) values (84, 9, '2016-09-30 22:30:59.460', 'Why Waking Up at 5am is Awesome', 'Lorem ipsum dolor sit amet, consectetur adipiscing elit. Mauris vehicula et erat et malesuada. Morbi vehicula, nunc at molestie vehicula, urna lacus volutpat massa, nec ultricies massa sapien non massa. Phasellus cursus mattis ante, quis maximus ligula egestas et. Quisque a consectetur nibh, id consequat enim. Etiam at dolor eu quam gravida porttitor. Maecenas eu augue nec velit convallis pellentesque. Nam iaculis odio id massa fermentum laoreet. Etiam sapien nisi, tempor id nulla in, mattis accumsan massa. Phasellus commodo purus faucibus augue semper, sed gravida dolor eleifend. Suspendisse potenti. Aliquam ullamcorper eleifend massa, eget vestibulum ex sodales ac. Cras semper mi ac velit feugiat, in laoreet risus rhoncus.');
insert into post (id, user_id, date_created, title, content) values (85, 9, '2016-12-10 18:35:42.460', 'Be Happy With What You Have, But Always Strive for More', 'Lorem ipsum dolor sit amet, consectetur adipiscing elit. Mauris vehicula et erat et malesuada. Morbi vehicula, nunc at molestie vehicula, urna lacus volutpat massa, nec ultricies massa sapien non massa. Phasellus cursus mattis ante, quis maximus ligula egestas et. Quisque a consectetur nibh, id consequat enim. Etiam at dolor eu quam gravida porttitor. Maecenas eu augue nec velit convallis pellentesque. Nam iaculis odio id massa fermentum laoreet. Etiam sapien nisi, tempor id nulla in, mattis accumsan massa. Phasellus commodo purus faucibus augue semper, sed gravida dolor eleifend. Suspendisse potenti. Aliquam ullamcorper eleifend massa, eget vestibulum ex sodales ac. Cras semper mi ac velit feugiat, in laoreet risus rhoncus.');
insert into post (id, user_id, date_created, title, content) values (86, 9, '2017-02-13 11:44:11.460', 'How use NgRx with Angular', 'Lorem ipsum dolor sit amet, consectetur adipiscing elit. Mauris vehicula et erat et malesuada. Morbi vehicula, nunc at molestie vehicula, urna lacus volutpat massa, nec ultricies massa sapien non massa. Phasellus cursus mattis ante, quis maximus ligula egestas et. Quisque a consectetur nibh, id consequat enim. Etiam at dolor eu quam gravida porttitor. Maecenas eu augue nec velit convallis pellentesque. Nam iaculis odio id massa fermentum laoreet. Etiam sapien nisi, tempor id nulla in, mattis accumsan massa. Phasellus commodo purus faucibus augue semper, sed gravida dolor eleifend. Suspendisse potenti. Aliquam ullamcorper eleifend massa, eget vestibulum ex sodales ac. Cras semper mi ac velit feugiat, in laoreet risus rhoncus.');
insert into post (id, user_id, date_created, title, content) values (87, 9, '2017-01-23 06:29:15.460', 'Getting Started with Jersey', 'Lorem ipsum dolor sit amet, consectetur adipiscing elit. Mauris vehicula et erat et malesuada. Morbi vehicula, nunc at molestie vehicula, urna lacus volutpat massa, nec ultricies massa sapien non massa. Phasellus cursus mattis ante, quis maximus ligula egestas et. Quisque a consectetur nibh, id consequat enim. Etiam at dolor eu quam gravida porttitor. Maecenas eu augue nec velit convallis pellentesque. Nam iaculis odio id massa fermentum laoreet. Etiam sapien nisi, tempor id nulla in, mattis accumsan massa. Phasellus commodo purus faucibus augue semper, sed gravida dolor eleifend. Suspendisse potenti. Aliquam ullamcorper eleifend massa, eget vestibulum ex sodales ac. Cras semper mi ac velit feugiat, in laoreet risus rhoncus.');
insert into post (id, user_id, date_created, title, content) values (88, 9, '2016-09-25 19:01:08.460', 'How use NgRx with Angular', 'Lorem ipsum dolor sit amet, consectetur adipiscing elit. Mauris vehicula et erat et malesuada. Morbi vehicula, nunc at molestie vehicula, urna lacus volutpat massa, nec ultricies massa sapien non massa. Phasellus cursus mattis ante, quis maximus ligula egestas et. Quisque a consectetur nibh, id consequat enim. Etiam at dolor eu quam gravida porttitor. Maecenas eu augue nec velit convallis pellentesque. Nam iaculis odio id massa fermentum laoreet. Etiam sapien nisi, tempor id nulla in, mattis accumsan massa. Phasellus commodo purus faucibus augue semper, sed gravida dolor eleifend. Suspendisse potenti. Aliquam ullamcorper eleifend massa, eget vestibulum ex sodales ac. Cras semper mi ac velit feugiat, in laoreet risus rhoncus.');
insert into post (id, user_id, date_created, title, content) values (89, 9, '2016-07-07 08:43:21.460', 'How ReactJS Changed My Life', 'Lorem ipsum dolor sit amet, consectetur adipiscing elit. Mauris vehicula et erat et malesuada. Morbi vehicula, nunc at molestie vehicula, urna lacus volutpat massa, nec ultricies massa sapien non massa. Phasellus cursus mattis ante, quis maximus ligula egestas et. Quisque a consectetur nibh, id consequat enim. Etiam at dolor eu quam gravida porttitor. Maecenas eu augue nec velit convallis pellentesque. Nam iaculis odio id massa fermentum laoreet. Etiam sapien nisi, tempor id nulla in, mattis accumsan massa. Phasellus commodo purus faucibus augue semper, sed gravida dolor eleifend. Suspendisse potenti. Aliquam ullamcorper eleifend massa, eget vestibulum ex sodales ac. Cras semper mi ac velit feugiat, in laoreet risus rhoncus.');
insert into post (id, user_id, date_created, title, content) values (90, 9, '2016-04-13 05:31:52.460', 'Why You Shouldnt Eat Laying Down', 'Lorem ipsum dolor sit amet, consectetur adipiscing elit. Mauris vehicula et erat et malesuada. Morbi vehicula, nunc at molestie vehicula, urna lacus volutpat massa, nec ultricies massa sapien non massa. Phasellus cursus mattis ante, quis maximus ligula egestas et. Quisque a consectetur nibh, id consequat enim. Etiam at dolor eu quam gravida porttitor. Maecenas eu augue nec velit convallis pellentesque. Nam iaculis odio id massa fermentum laoreet. Etiam sapien nisi, tempor id nulla in, mattis accumsan massa. Phasellus commodo purus faucibus augue semper, sed gravida dolor eleifend. Suspendisse potenti. Aliquam ullamcorper eleifend massa, eget vestibulum ex sodales ac. Cras semper mi ac velit feugiat, in laoreet risus rhoncus.');
insert into post (id, user_id, date_created, title, content) values (91, 10, '2016-10-28 01:03:31.475', 'How to Turn Your Computer On', 'Lorem ipsum dolor sit amet, consectetur adipiscing elit. Mauris vehicula et erat et malesuada. Morbi vehicula, nunc at molestie vehicula, urna lacus volutpat massa, nec ultricies massa sapien non massa. Phasellus cursus mattis ante, quis maximus ligula egestas et. Quisque a consectetur nibh, id consequat enim. Etiam at dolor eu quam gravida porttitor. Maecenas eu augue nec velit convallis pellentesque. Nam iaculis odio id massa fermentum laoreet. Etiam sapien nisi, tempor id nulla in, mattis accumsan massa. Phasellus commodo purus faucibus augue semper, sed gravida dolor eleifend. Suspendisse potenti. Aliquam ullamcorper eleifend massa, eget vestibulum ex sodales ac. Cras semper mi ac velit feugiat, in laoreet risus rhoncus.');
insert into post (id, user_id, date_created, title, content) values (92, 10, '2016-04-15 21:42:05.475', 'How ReactJS Changed My Life', 'Lorem ipsum dolor sit amet, consectetur adipiscing elit. Mauris vehicula et erat et malesuada. Morbi vehicula, nunc at molestie vehicula, urna lacus volutpat massa, nec ultricies massa sapien non massa. Phasellus cursus mattis ante, quis maximus ligula egestas et. Quisque a consectetur nibh, id consequat enim. Etiam at dolor eu quam gravida porttitor. Maecenas eu augue nec velit convallis pellentesque. Nam iaculis odio id massa fermentum laoreet. Etiam sapien nisi, tempor id nulla in, mattis accumsan massa. Phasellus commodo purus faucibus augue semper, sed gravida dolor eleifend. Suspendisse potenti. Aliquam ullamcorper eleifend massa, eget vestibulum ex sodales ac. Cras semper mi ac velit feugiat, in laoreet risus rhoncus.');
insert into post (id, user_id, date_created, title, content) values (93, 10, '2016-08-15 18:15:43.475', 'How to Turn Your Computer Off', 'Lorem ipsum dolor sit amet, consectetur adipiscing elit. Mauris vehicula et erat et malesuada. Morbi vehicula, nunc at molestie vehicula, urna lacus volutpat massa, nec ultricies massa sapien non massa. Phasellus cursus mattis ante, quis maximus ligula egestas et. Quisque a consectetur nibh, id consequat enim. Etiam at dolor eu quam gravida porttitor. Maecenas eu augue nec velit convallis pellentesque. Nam iaculis odio id massa fermentum laoreet. Etiam sapien nisi, tempor id nulla in, mattis accumsan massa. Phasellus commodo purus faucibus augue semper, sed gravida dolor eleifend. Suspendisse potenti. Aliquam ullamcorper eleifend massa, eget vestibulum ex sodales ac. Cras semper mi ac velit feugiat, in laoreet risus rhoncus.');
insert into post (id, user_id, date_created, title, content) values (94, 10, '2016-07-11 11:14:53.475', 'Getting the Most Bang for Your Buck', 'Lorem ipsum dolor sit amet, consectetur adipiscing elit. Mauris vehicula et erat et malesuada. Morbi vehicula, nunc at molestie vehicula, urna lacus volutpat massa, nec ultricies massa sapien non massa. Phasellus cursus mattis ante, quis maximus ligula egestas et. Quisque a consectetur nibh, id consequat enim. Etiam at dolor eu quam gravida porttitor. Maecenas eu augue nec velit convallis pellentesque. Nam iaculis odio id massa fermentum laoreet. Etiam sapien nisi, tempor id nulla in, mattis accumsan massa. Phasellus commodo purus faucibus augue semper, sed gravida dolor eleifend. Suspendisse potenti. Aliquam ullamcorper eleifend massa, eget vestibulum ex sodales ac. Cras semper mi ac velit feugiat, in laoreet risus rhoncus.');
insert into post (id, user_id, date_created, title, content) values (95, 10, '2017-01-02 20:16:46.475', 'Getting Started with Angular', 'Lorem ipsum dolor sit amet, consectetur adipiscing elit. Mauris vehicula et erat et malesuada. Morbi vehicula, nunc at molestie vehicula, urna lacus volutpat massa, nec ultricies massa sapien non massa. Phasellus cursus mattis ante, quis maximus ligula egestas et. Quisque a consectetur nibh, id consequat enim. Etiam at dolor eu quam gravida porttitor. Maecenas eu augue nec velit convallis pellentesque. Nam iaculis odio id massa fermentum laoreet. Etiam sapien nisi, tempor id nulla in, mattis accumsan massa. Phasellus commodo purus faucibus augue semper, sed gravida dolor eleifend. Suspendisse potenti. Aliquam ullamcorper eleifend massa, eget vestibulum ex sodales ac. Cras semper mi ac velit feugiat, in laoreet risus rhoncus.');
insert into post (id, user_id, date_created, title, content) values (96, 10, '2016-12-02 04:52:03.475', 'How to Post on Stack Overflow', 'Lorem ipsum dolor sit amet, consectetur adipiscing elit. Mauris vehicula et erat et malesuada. Morbi vehicula, nunc at molestie vehicula, urna lacus volutpat massa, nec ultricies massa sapien non massa. Phasellus cursus mattis ante, quis maximus ligula egestas et. Quisque a consectetur nibh, id consequat enim. Etiam at dolor eu quam gravida porttitor. Maecenas eu augue nec velit convallis pellentesque. Nam iaculis odio id massa fermentum laoreet. Etiam sapien nisi, tempor id nulla in, mattis accumsan massa. Phasellus commodo purus faucibus augue semper, sed gravida dolor eleifend. Suspendisse potenti. Aliquam ullamcorper eleifend massa, eget vestibulum ex sodales ac. Cras semper mi ac velit feugiat, in laoreet risus rhoncus.');
insert into post (id, user_id, date_created, title, content) values (97, 10, '2016-10-16 09:33:31.475', 'How to Post on Stack Overflow', 'Lorem ipsum dolor sit amet, consectetur adipiscing elit. Mauris vehicula et erat et malesuada. Morbi vehicula, nunc at molestie vehicula, urna lacus volutpat massa, nec ultricies massa sapien non massa. Phasellus cursus mattis ante, quis maximus ligula egestas et. Quisque a consectetur nibh, id consequat enim. Etiam at dolor eu quam gravida porttitor. Maecenas eu augue nec velit convallis pellentesque. Nam iaculis odio id massa fermentum laoreet. Etiam sapien nisi, tempor id nulla in, mattis accumsan massa. Phasellus commodo purus faucibus augue semper, sed gravida dolor eleifend. Suspendisse potenti. Aliquam ullamcorper eleifend massa, eget vestibulum ex sodales ac. Cras semper mi ac velit feugiat, in laoreet risus rhoncus.');
insert into post (id, user_id, date_created, title, content) values (98, 10, '2016-08-21 19:00:07.475', 'How the Grinch Stole The White House', 'Lorem ipsum dolor sit amet, consectetur adipiscing elit. Mauris vehicula et erat et malesuada. Morbi vehicula, nunc at molestie vehicula, urna lacus volutpat massa, nec ultricies massa sapien non massa. Phasellus cursus mattis ante, quis maximus ligula egestas et. Quisque a consectetur nibh, id consequat enim. Etiam at dolor eu quam gravida porttitor. Maecenas eu augue nec velit convallis pellentesque. Nam iaculis odio id massa fermentum laoreet. Etiam sapien nisi, tempor id nulla in, mattis accumsan massa. Phasellus commodo purus faucibus augue semper, sed gravida dolor eleifend. Suspendisse potenti. Aliquam ullamcorper eleifend massa, eget vestibulum ex sodales ac. Cras semper mi ac velit feugiat, in laoreet risus rhoncus.');
insert into post (id, user_id, date_created, title, content) values (99, 10, '2016-07-12 22:25:25.475', 'Getting Started with ReactJS', 'Lorem ipsum dolor sit amet, consectetur adipiscing elit. Mauris vehicula et erat et malesuada. Morbi vehicula, nunc at molestie vehicula, urna lacus volutpat massa, nec ultricies massa sapien non massa. Phasellus cursus mattis ante, quis maximus ligula egestas et. Quisque a consectetur nibh, id consequat enim. Etiam at dolor eu quam gravida porttitor. Maecenas eu augue nec velit convallis pellentesque. Nam iaculis odio id massa fermentum laoreet. Etiam sapien nisi, tempor id nulla in, mattis accumsan massa. Phasellus commodo purus faucibus augue semper, sed gravida dolor eleifend. Suspendisse potenti. Aliquam ullamcorper eleifend massa, eget vestibulum ex sodales ac. Cras semper mi ac velit feugiat, in laoreet risus rhoncus.');
insert into post (id, user_id, date_created, title, content) values (100, 10, '2016-09-09 00:47:37.475', 'How to Turn Your Computer On', 'Lorem ipsum dolor sit amet, consectetur adipiscing elit. Mauris vehicula et erat et malesuada. Morbi vehicula, nunc at molestie vehicula, urna lacus volutpat massa, nec ultricies massa sapien non massa. Phasellus cursus mattis ante, quis maximus ligula egestas et. Quisque a consectetur nibh, id consequat enim. Etiam at dolor eu quam gravida porttitor. Maecenas eu augue nec velit convallis pellentesque. Nam iaculis odio id massa fermentum laoreet. Etiam sapien nisi, tempor id nulla in, mattis accumsan massa. Phasellus commodo purus faucibus augue semper, sed gravida dolor eleifend. Suspendisse potenti. Aliquam ullamcorper eleifend massa, eget vestibulum ex sodales ac. Cras semper mi ac velit feugiat, in laoreet risus rhoncus.');

insert into comment (id, date_created, post_id, user_id, content) values (1, '2016-12-11 15:17:18.475', 1, 8, 'Knowledge is power. Keep it going!');
insert into comment (id, date_created, post_id, user_id, content) values (2, '2017-02-13 04:50:28.475', 2, 4, 'You are the man!');
insert into comment (id, date_created, post_id, user_id, content) values (3, '2016-10-19 21:24:59.475', 3, 7, 'Ive been looking everywhere for this');
insert into comment (id, date_created, post_id, user_id, content) values (4, '2016-05-08 02:23:49.475', 4, 8, 'Awesome article!');
insert into comment (id, date_created, post_id, user_id, content) values (5, '2016-10-30 02:47:14.475', 5, 7, 'This should be in the documentation.');
insert into comment (id, date_created, post_id, user_id, content) values (6, '2016-06-15 09:35:24.475', 6, 1, 'You saved my life.');
insert into comment (id, date_created, post_id, user_id, content) values (7, '2016-10-05 16:36:41.475', 7, 5, 'Awesome article!');
insert into comment (id, date_created, post_id, user_id, content) values (8, '2016-12-24 18:16:47.491', 8, 5, 'You rock dude.');
insert into comment (id, date_created, post_id, user_id, content) values (9, '2016-03-14 21:46:08.491', 9, 4, 'This should be in the documentation.');
insert into comment (id, date_created, post_id, user_id, content) values (10, '2016-06-18 02:58:17.491', 10, 6, 'Good stuff.');
insert into comment (id, date_created, post_id, user_id, content) values (11, '2016-09-10 05:54:10.491', 11, 8, 'You are the man!');
insert into comment (id, date_created, post_id, user_id, content) values (12, '2016-09-22 18:15:27.491', 12, 1, 'Great! I owe you a beer.');
insert into comment (id, date_created, post_id, user_id, content) values (13, '2016-06-28 06:24:47.491', 13, 9, 'You saved my life.');
insert into comment (id, date_created, post_id, user_id, content) values (14, '2016-04-05 07:41:07.491', 14, 4, 'Knowledge is power. Keep it going!');
insert into comment (id, date_created, post_id, user_id, content) values (15, '2017-03-09 04:05:03.491', 15, 4, 'Awesome article!');
insert into comment (id, date_created, post_id, user_id, content) values (16, '2016-08-01 17:52:27.491', 16, 5, 'Good stuff.');
insert into comment (id, date_created, post_id, user_id, content) values (17, '2016-10-27 15:36:22.491', 17, 1, 'You are the man!');
insert into comment (id, date_created, post_id, user_id, content) values (18, '2016-04-16 02:35:05.491', 18, 8, 'This should be in the documentation.');
insert into comment (id, date_created, post_id, user_id, content) values (19, '2016-09-23 05:30:36.491', 19, 6, 'You are the man!');
insert into comment (id, date_created, post_id, user_id, content) values (20, '2016-09-17 21:38:04.491', 20, 1, 'Knowledge is power. Keep it going!');
insert into comment (id, date_created, post_id, user_id, content) values (21, '2017-01-28 13:50:37.491', 21, 3, 'This is the best article on the topic');
insert into comment (id, date_created, post_id, user_id, content) values (22, '2016-04-28 02:23:29.491', 22, 3, 'You saved my life.');
insert into comment (id, date_created, post_id, user_id, content) values (23, '2016-12-08 04:56:17.491', 23, 5, 'You rock dude.');
insert into comment (id, date_created, post_id, user_id, content) values (24, '2016-11-15 05:33:22.491', 24, 6, 'You are the man!');
insert into comment (id, date_created, post_id, user_id, content) values (25, '2016-11-25 08:59:18.491', 25, 9, 'You rock dude.');
insert into comment (id, date_created, post_id, user_id, content) values (26, '2016-12-05 18:17:24.491', 26, 4, 'Good stuff.');
insert into comment (id, date_created, post_id, user_id, content) values (27, '2016-08-25 06:32:17.491', 27, 6, 'You saved my life.');
insert into comment (id, date_created, post_id, user_id, content) values (28, '2016-08-10 08:34:23.491', 28, 3, 'You rock dude.');
insert into comment (id, date_created, post_id, user_id, content) values (29, '2016-09-18 21:12:12.491', 29, 1, 'Good stuff.');
insert into comment (id, date_created, post_id, user_id, content) values (30, '2016-07-21 08:27:20.491', 30, 9, 'You rock dude.');
insert into comment (id, date_created, post_id, user_id, content) values (31, '2017-01-22 22:40:48.491', 31, 6, 'You are the man!');
insert into comment (id, date_created, post_id, user_id, content) values (32, '2016-10-22 19:23:13.554', 32, 6, 'This is the best article on the topic');
insert into comment (id, date_created, post_id, user_id, content) values (33, '2017-01-15 03:02:13.554', 33, 6, 'Awesome article!');
insert into comment (id, date_created, post_id, user_id, content) values (34, '2016-11-27 05:25:26.554', 34, 5, 'This should be in the documentation.');
insert into comment (id, date_created, post_id, user_id, content) values (35, '2017-02-28 19:47:06.554', 35, 8, 'Knowledge is power. Keep it going!');
insert into comment (id, date_created, post_id, user_id, content) values (36, '2016-12-24 15:53:24.554', 36, 3, 'You rock dude.');
insert into comment (id, date_created, post_id, user_id, content) values (37, '2017-02-07 09:26:20.554', 37, 9, 'You are the man!');
insert into comment (id, date_created, post_id, user_id, content) values (38, '2016-06-25 23:20:37.554', 38, 2, 'Knowledge is power. Keep it going!');
insert into comment (id, date_created, post_id, user_id, content) values (39, '2017-01-05 07:38:21.554', 39, 9, 'Great! I owe you a beer.');
insert into comment (id, date_created, post_id, user_id, content) values (40, '2017-02-12 09:40:37.554', 40, 5, 'You are the man!');
insert into comment (id, date_created, post_id, user_id, content) values (41, '2016-08-17 23:41:29.554', 41, 6, 'Awesome article!');
insert into comment (id, date_created, post_id, user_id, content) values (42, '2016-06-06 14:10:26.569', 42, 9, 'Ive been looking everywhere for this');
insert into comment (id, date_created, post_id, user_id, content) values (43, '2017-02-18 03:44:06.569', 43, 3, 'Great! I owe you a beer.');
insert into comment (id, date_created, post_id, user_id, content) values (44, '2016-04-16 16:24:19.569', 44, 4, 'Awesome article!');
insert into comment (id, date_created, post_id, user_id, content) values (45, '2017-01-02 04:38:51.569', 45, 4, 'This should be in the documentation.');
insert into comment (id, date_created, post_id, user_id, content) values (46, '2016-12-07 07:00:36.569', 46, 4, 'You are the man!');
insert into comment (id, date_created, post_id, user_id, content) values (47, '2017-03-02 20:09:40.569', 47, 1, 'You are the man!');
insert into comment (id, date_created, post_id, user_id, content) values (48, '2016-07-04 09:26:08.569', 48, 5, 'You are the man!');
insert into comment (id, date_created, post_id, user_id, content) values (49, '2016-03-27 05:51:14.569', 49, 1, 'Good stuff.');
insert into comment (id, date_created, post_id, user_id, content) values (50, '2016-08-23 05:23:26.569', 50, 8, 'This is the best article on the topic');
insert into comment (id, date_created, post_id, user_id, content) values (51, '2016-11-03 22:46:21.569', 51, 8, 'You saved my life.');
insert into comment (id, date_created, post_id, user_id, content) values (52, '2016-08-13 21:51:10.569', 52, 1, 'Good stuff.');
insert into comment (id, date_created, post_id, user_id, content) values (53, '2017-01-06 07:12:24.569', 53, 3, 'This should be in the documentation.');
insert into comment (id, date_created, post_id, user_id, content) values (54, '2017-01-19 15:18:55.569', 54, 9, 'Awesome article!');
insert into comment (id, date_created, post_id, user_id, content) values (55, '2016-09-16 00:49:48.569', 55, 8, 'Great! I owe you a beer.');
insert into comment (id, date_created, post_id, user_id, content) values (56, '2016-03-26 04:57:22.569', 56, 8, 'Awesome article!');
insert into comment (id, date_created, post_id, user_id, content) values (57, '2016-06-04 05:18:45.569', 57, 5, 'You rock dude.');
insert into comment (id, date_created, post_id, user_id, content) values (58, '2017-03-11 04:19:16.569', 58, 5, 'Good stuff.');
insert into comment (id, date_created, post_id, user_id, content) values (59, '2016-08-23 15:20:56.569', 59, 7, 'Knowledge is power. Keep it going!');
insert into comment (id, date_created, post_id, user_id, content) values (60, '2016-06-26 04:46:14.569', 60, 7, 'Awesome article!');
insert into comment (id, date_created, post_id, user_id, content) values (61, '2016-12-11 01:08:14.569', 61, 9, 'Knowledge is power. Keep it going!');
insert into comment (id, date_created, post_id, user_id, content) values (62, '2016-10-20 13:59:42.569', 62, 6, 'You saved my life.');
insert into comment (id, date_created, post_id, user_id, content) values (63, '2016-05-12 15:19:26.569', 63, 4, 'You saved my life.');
insert into comment (id, date_created, post_id, user_id, content) values (64, '2017-03-10 19:10:12.569', 64, 7, 'Awesome article!');
insert into comment (id, date_created, post_id, user_id, content) values (65, '2017-02-17 08:51:04.569', 65, 9, 'Great! I owe you a beer.');
insert into comment (id, date_created, post_id, user_id, content) values (66, '2016-11-08 19:10:26.569', 66, 1, 'You are the man!');
insert into comment (id, date_created, post_id, user_id, content) values (67, '2016-12-16 15:01:17.569', 67, 4, 'You saved my life.');
insert into comment (id, date_created, post_id, user_id, content) values (68, '2017-02-26 02:23:13.569', 68, 1, 'This is the best article on the topic');
insert into comment (id, date_created, post_id, user_id, content) values (69, '2016-05-28 09:42:06.569', 69, 2, 'You are the man!');
insert into comment (id, date_created, post_id, user_id, content) values (70, '2016-05-27 02:20:04.585', 70, 2, 'Great! I owe you a beer.');
insert into comment (id, date_created, post_id, user_id, content) values (71, '2016-08-07 06:50:09.585', 71, 5, 'Awesome article!');
insert into comment (id, date_created, post_id, user_id, content) values (72, '2016-10-30 11:50:21.585', 72, 6, 'You rock dude.');
insert into comment (id, date_created, post_id, user_id, content) values (73, '2016-07-15 10:10:38.585', 73, 5, 'Ive been looking everywhere for this');
insert into comment (id, date_created, post_id, user_id, content) values (74, '2016-07-14 20:38:28.585', 74, 1, 'Good stuff.');
insert into comment (id, date_created, post_id, user_id, content) values (75, '2016-12-29 14:14:43.585', 75, 3, 'You saved my life.');
insert into comment (id, date_created, post_id, user_id, content) values (76, '2016-03-28 20:07:50.585', 76, 8, 'You are the man!');
insert into comment (id, date_created, post_id, user_id, content) values (77, '2016-07-16 03:43:53.585', 77, 4, 'This is the best article on the topic');
insert into comment (id, date_created, post_id, user_id, content) values (78, '2016-12-29 03:05:03.585', 78, 5, 'This should be in the documentation.');
insert into comment (id, date_created, post_id, user_id, content) values (79, '2017-02-09 07:31:31.585', 79, 4, 'Awesome article!');
insert into comment (id, date_created, post_id, user_id, content) values (80, '2016-07-21 00:41:20.585', 80, 8, 'Good stuff.');
insert into comment (id, date_created, post_id, user_id, content) values (81, '2016-10-08 02:20:15.585', 81, 2, 'Good stuff.');
insert into comment (id, date_created, post_id, user_id, content) values (82, '2017-02-08 14:50:00.585', 82, 8, 'You are the man!');
insert into comment (id, date_created, post_id, user_id, content) values (83, '2016-07-15 03:18:23.585', 83, 3, 'Awesome article!');
insert into comment (id, date_created, post_id, user_id, content) values (84, '2016-04-01 13:35:24.585', 84, 8, 'Ive been looking everywhere for this');
insert into comment (id, date_created, post_id, user_id, content) values (85, '2017-01-28 19:28:12.585', 85, 4, 'Great! I owe you a beer.');
insert into comment (id, date_created, post_id, user_id, content) values (86, '2016-10-18 11:57:43.585', 86, 2, 'This should be in the documentation.');
insert into comment (id, date_created, post_id, user_id, content) values (87, '2016-04-18 15:20:01.585', 87, 8, 'You saved my life.');
insert into comment (id, date_created, post_id, user_id, content) values (88, '2016-09-24 01:52:56.585', 88, 9, 'You are the man!');
insert into comment (id, date_created, post_id, user_id, content) values (89, '2016-03-30 20:56:57.585', 89, 6, 'You are the man!');
insert into comment (id, date_created, post_id, user_id, content) values (90, '2016-08-03 03:34:26.585', 90, 9, 'Great! I owe you a beer.');
insert into comment (id, date_created, post_id, user_id, content) values (91, '2017-02-18 03:32:03.585', 91, 4, 'This should be in the documentation.');
insert into comment (id, date_created, post_id, user_id, content) values (92, '2016-05-29 02:59:36.585', 92, 8, 'You saved my life.');
insert into comment (id, date_created, post_id, user_id, content) values (93, '2016-06-10 20:05:01.585', 93, 7, 'You saved my life.');
insert into comment (id, date_created, post_id, user_id, content) values (94, '2017-01-10 08:37:29.585', 94, 8, 'Ive been looking everywhere for this');
insert into comment (id, date_created, post_id, user_id, content) values (95, '2016-08-28 01:29:05.585', 95, 9, 'You saved my life.');
insert into comment (id, date_created, post_id, user_id, content) values (96, '2016-11-02 07:39:56.585', 96, 6, 'You saved my life.');
insert into comment (id, date_created, post_id, user_id, content) values (97, '2016-08-07 13:24:01.585', 97, 9, 'Great! I owe you a beer.');
insert into comment (id, date_created, post_id, user_id, content) values (98, '2017-02-06 15:37:22.585', 98, 3, 'You saved my life.');
insert into comment (id, date_created, post_id, user_id, content) values (99, '2016-10-24 03:46:29.585', 99, 2, 'This is the best article on the topic');
insert into comment (id, date_created, post_id, user_id, content) values (101, '2016-11-24 01:23:06.585', 1, 1, 'You are the man!');
insert into comment (id, date_created, post_id, user_id, content) values (102, '2016-11-07 09:23:17.585', 2, 1, 'Ive been looking everywhere for this');
insert into comment (id, date_created, post_id, user_id, content) values (103, '2016-04-05 08:13:51.585', 3, 9, 'Good stuff.');
insert into comment (id, date_created, post_id, user_id, content) values (104, '2017-02-06 03:55:33.585', 4, 4, 'Great! I owe you a beer.');
insert into comment (id, date_created, post_id, user_id, content) values (105, '2016-09-27 22:34:26.585', 5, 9, 'You saved my life.');
insert into comment (id, date_created, post_id, user_id, content) values (106, '2016-09-10 19:46:20.585', 6, 5, 'This should be in the documentation.');
insert into comment (id, date_created, post_id, user_id, content) values (107, '2016-06-17 12:04:13.585', 7, 5, 'You rock dude.');
insert into comment (id, date_created, post_id, user_id, content) values (108, '2017-01-25 19:10:47.585', 8, 9, 'Ive been looking everywhere for this');
insert into comment (id, date_created, post_id, user_id, content) values (109, '2016-06-11 14:35:55.585', 9, 7, 'Awesome article!');
insert into comment (id, date_created, post_id, user_id, content) values (110, '2017-01-12 22:52:45.585', 10, 4, 'You saved my life.');
insert into comment (id, date_created, post_id, user_id, content) values (111, '2016-04-07 08:29:10.585', 11, 9, 'Knowledge is power. Keep it going!');
insert into comment (id, date_created, post_id, user_id, content) values (112, '2016-09-16 17:59:04.585', 12, 5, 'This is the best article on the topic');
insert into comment (id, date_created, post_id, user_id, content) values (113, '2016-04-19 13:39:42.585', 13, 8, 'This is the best article on the topic');
insert into comment (id, date_created, post_id, user_id, content) values (114, '2016-06-30 13:44:25.600', 14, 8, 'This is the best article on the topic');
insert into comment (id, date_created, post_id, user_id, content) values (115, '2017-02-12 22:41:37.600', 15, 4, 'This is the best article on the topic');
insert into comment (id, date_created, post_id, user_id, content) values (116, '2016-10-14 04:58:19.600', 16, 8, 'This should be in the documentation.');
insert into comment (id, date_created, post_id, user_id, content) values (117, '2016-09-18 08:53:17.600', 17, 9, 'You are the man!');
insert into comment (id, date_created, post_id, user_id, content) values (118, '2016-11-01 21:27:26.600', 18, 6, 'Great! I owe you a beer.');
insert into comment (id, date_created, post_id, user_id, content) values (119, '2016-10-11 16:18:28.600', 19, 6, 'This should be in the documentation.');
insert into comment (id, date_created, post_id, user_id, content) values (120, '2016-11-12 20:38:43.600', 20, 5, 'You are the man!');
insert into comment (id, date_created, post_id, user_id, content) values (121, '2016-07-01 17:50:28.600', 21, 5, 'You rock dude.');
insert into comment (id, date_created, post_id, user_id, content) values (122, '2016-11-05 18:44:29.600', 22, 2, 'This should be in the documentation.');
insert into comment (id, date_created, post_id, user_id, content) values (123, '2016-05-23 12:47:18.600', 23, 8, 'Ive been looking everywhere for this');
insert into comment (id, date_created, post_id, user_id, content) values (124, '2017-02-05 03:04:09.600', 24, 7, 'Awesome article!');
insert into comment (id, date_created, post_id, user_id, content) values (125, '2016-03-25 14:35:54.600', 25, 2, 'You rock dude.');
insert into comment (id, date_created, post_id, user_id, content) values (126, '2016-07-27 01:17:48.600', 26, 7, 'You are the man!');
insert into comment (id, date_created, post_id, user_id, content) values (127, '2016-09-20 14:47:31.600', 27, 9, 'You are the man!');
insert into comment (id, date_created, post_id, user_id, content) values (128, '2016-11-14 18:12:49.600', 28, 5, 'You are the man!');
insert into comment (id, date_created, post_id, user_id, content) values (129, '2016-08-18 00:36:40.600', 29, 7, 'You are the man!');
insert into comment (id, date_created, post_id, user_id, content) values (130, '2016-05-09 18:03:36.600', 30, 6, 'Knowledge is power. Keep it going!');
insert into comment (id, date_created, post_id, user_id, content) values (131, '2016-11-11 00:21:43.600', 31, 9, 'This is the best article on the topic');
insert into comment (id, date_created, post_id, user_id, content) values (132, '2016-04-05 19:31:05.600', 32, 1, 'Good stuff.');
insert into comment (id, date_created, post_id, user_id, content) values (133, '2016-11-03 05:21:43.600', 33, 2, 'Great! I owe you a beer.');
insert into comment (id, date_created, post_id, user_id, content) values (134, '2017-02-04 05:00:04.600', 34, 4, 'You rock dude.');
insert into comment (id, date_created, post_id, user_id, content) values (135, '2017-03-01 17:50:59.600', 35, 9, 'You are the man!');
insert into comment (id, date_created, post_id, user_id, content) values (136, '2016-10-02 02:23:40.600', 36, 6, 'You are the man!');
insert into comment (id, date_created, post_id, user_id, content) values (137, '2016-10-29 03:03:44.600', 37, 1, 'This is the best article on the topic');
insert into comment (id, date_created, post_id, user_id, content) values (138, '2016-11-08 06:20:57.600', 38, 5, 'Good stuff.');
insert into comment (id, date_created, post_id, user_id, content) values (139, '2016-10-17 14:08:04.600', 39, 6, 'Knowledge is power. Keep it going!');
insert into comment (id, date_created, post_id, user_id, content) values (140, '2016-06-24 12:18:19.600', 40, 6, 'This should be in the documentation.');
insert into comment (id, date_created, post_id, user_id, content) values (141, '2017-01-22 01:25:12.600', 41, 3, 'Awesome article!');
insert into comment (id, date_created, post_id, user_id, content) values (142, '2017-02-24 10:00:39.600', 42, 5, 'This is the best article on the topic');
insert into comment (id, date_created, post_id, user_id, content) values (143, '2017-02-27 21:46:33.600', 43, 6, 'You saved my life.');
insert into comment (id, date_created, post_id, user_id, content) values (144, '2017-03-05 07:05:06.600', 44, 5, 'Great! I owe you a beer.');
insert into comment (id, date_created, post_id, user_id, content) values (145, '2016-09-18 23:35:59.600', 45, 6, 'Great! I owe you a beer.');
insert into comment (id, date_created, post_id, user_id, content) values (146, '2016-08-16 10:54:30.616', 46, 6, 'Awesome article!');
insert into comment (id, date_created, post_id, user_id, content) values (147, '2016-12-13 11:54:28.616', 47, 1, 'Awesome article!');
insert into comment (id, date_created, post_id, user_id, content) values (148, '2016-05-09 15:55:41.616', 48, 2, 'You saved my life.');
insert into comment (id, date_created, post_id, user_id, content) values (149, '2016-04-06 17:13:57.616', 49, 9, 'This is the best article on the topic');
insert into comment (id, date_created, post_id, user_id, content) values (150, '2016-09-29 17:00:11.632', 50, 3, 'Good stuff.');
insert into comment (id, date_created, post_id, user_id, content) values (151, '2016-12-16 01:27:08.632', 51, 8, 'Good stuff.');
insert into comment (id, date_created, post_id, user_id, content) values (152, '2016-04-04 02:11:46.632', 52, 6, 'Ive been looking everywhere for this');
insert into comment (id, date_created, post_id, user_id, content) values (153, '2016-09-19 19:46:54.632', 53, 6, 'Great! I owe you a beer.');
insert into comment (id, date_created, post_id, user_id, content) values (154, '2016-12-19 01:34:28.632', 54, 9, 'Great! I owe you a beer.');
insert into comment (id, date_created, post_id, user_id, content) values (155, '2016-05-01 15:49:28.632', 55, 2, 'Ive been looking everywhere for this');
insert into comment (id, date_created, post_id, user_id, content) values (156, '2016-07-06 12:07:14.632', 56, 7, 'Ive been looking everywhere for this');
insert into comment (id, date_created, post_id, user_id, content) values (157, '2016-12-14 07:45:43.632', 57, 8, 'Awesome article!');
insert into comment (id, date_created, post_id, user_id, content) values (158, '2017-03-04 01:01:08.632', 58, 4, 'Knowledge is power. Keep it going!');
insert into comment (id, date_created, post_id, user_id, content) values (159, '2017-02-22 18:02:04.632', 59, 1, 'Good stuff.');
insert into comment (id, date_created, post_id, user_id, content) values (160, '2016-04-05 22:41:31.632', 60, 3, 'This is the best article on the topic');
insert into comment (id, date_created, post_id, user_id, content) values (161, '2016-10-04 09:53:23.632', 61, 9, 'This is the best article on the topic');
insert into comment (id, date_created, post_id, user_id, content) values (162, '2016-12-16 11:49:47.632', 62, 5, 'Great! I owe you a beer.');
insert into comment (id, date_created, post_id, user_id, content) values (163, '2016-08-08 19:02:31.632', 63, 2, 'This is the best article on the topic');
insert into comment (id, date_created, post_id, user_id, content) values (164, '2016-12-04 09:17:55.632', 64, 1, 'Awesome article!');
insert into comment (id, date_created, post_id, user_id, content) values (165, '2016-09-19 19:38:20.632', 65, 7, 'Knowledge is power. Keep it going!');
insert into comment (id, date_created, post_id, user_id, content) values (166, '2017-01-27 16:12:59.632', 66, 2, 'You are the man!');
insert into comment (id, date_created, post_id, user_id, content) values (167, '2016-03-20 04:49:39.632', 67, 9, 'Good stuff.');
insert into comment (id, date_created, post_id, user_id, content) values (168, '2016-10-08 18:59:06.632', 68, 5, 'You are the man!');
insert into comment (id, date_created, post_id, user_id, content) values (169, '2016-10-07 23:19:16.632', 69, 6, 'Knowledge is power. Keep it going!');
insert into comment (id, date_created, post_id, user_id, content) values (170, '2016-08-14 21:18:06.647', 70, 6, 'You saved my life.');
insert into comment (id, date_created, post_id, user_id, content) values (171, '2016-08-10 14:37:35.647', 71, 4, 'Awesome article!');
insert into comment (id, date_created, post_id, user_id, content) values (172, '2016-11-10 22:22:37.647', 72, 5, 'Knowledge is power. Keep it going!');
insert into comment (id, date_created, post_id, user_id, content) values (173, '2016-05-12 19:27:46.647', 73, 2, 'This should be in the documentation.');
insert into comment (id, date_created, post_id, user_id, content) values (174, '2016-07-14 06:47:56.647', 74, 3, 'You rock dude.');
insert into comment (id, date_created, post_id, user_id, content) values (175, '2016-10-15 17:37:17.647', 75, 6, 'Ive been looking everywhere for this');
insert into comment (id, date_created, post_id, user_id, content) values (176, '2016-12-29 17:01:56.647', 76, 7, 'Good stuff.');
insert into comment (id, date_created, post_id, user_id, content) values (177, '2017-01-03 01:33:03.647', 77, 9, 'You are the man!');
insert into comment (id, date_created, post_id, user_id, content) values (178, '2016-12-07 01:02:16.647', 78, 9, 'This should be in the documentation.');
insert into comment (id, date_created, post_id, user_id, content) values (179, '2016-04-22 07:15:51.647', 79, 6, 'Great! I owe you a beer.');
insert into comment (id, date_created, post_id, user_id, content) values (180, '2016-11-16 00:08:01.647', 80, 5, 'Knowledge is power. Keep it going!');
insert into comment (id, date_created, post_id, user_id, content) values (181, '2016-09-18 11:01:44.647', 81, 4, 'You rock dude.');
insert into comment (id, date_created, post_id, user_id, content) values (182, '2016-12-04 21:47:05.647', 82, 8, 'Ive been looking everywhere for this');
insert into comment (id, date_created, post_id, user_id, content) values (183, '2016-06-03 23:29:26.647', 83, 8, 'You are the man!');
insert into comment (id, date_created, post_id, user_id, content) values (184, '2016-12-30 02:18:07.647', 84, 9, 'Ive been looking everywhere for this');
insert into comment (id, date_created, post_id, user_id, content) values (185, '2017-02-01 18:00:03.647', 85, 5, 'This should be in the documentation.');
insert into comment (id, date_created, post_id, user_id, content) values (186, '2016-09-16 06:39:29.647', 86, 3, 'Good stuff.');
insert into comment (id, date_created, post_id, user_id, content) values (187, '2016-07-19 00:33:38.647', 87, 7, 'You rock dude.');
insert into comment (id, date_created, post_id, user_id, content) values (188, '2016-09-12 06:10:56.647', 88, 1, 'You saved my life.');
insert into comment (id, date_created, post_id, user_id, content) values (189, '2016-06-30 18:39:23.647', 89, 6, 'Awesome article!');
insert into comment (id, date_created, post_id, user_id, content) values (190, '2016-07-16 20:08:15.647', 90, 7, 'This is the best article on the topic');
insert into comment (id, date_created, post_id, user_id, content) values (191, '2016-09-25 23:37:06.647', 91, 2, 'This is the best article on the topic');
insert into comment (id, date_created, post_id, user_id, content) values (192, '2016-06-12 19:15:00.647', 92, 1, 'You are the man!');
insert into comment (id, date_created, post_id, user_id, content) values (193, '2016-10-13 01:47:39.647', 93, 8, 'You saved my life.');
insert into comment (id, date_created, post_id, user_id, content) values (194, '2016-11-16 18:58:55.647', 94, 8, 'You saved my life.');
insert into comment (id, date_created, post_id, user_id, content) values (195, '2016-11-21 07:58:21.647', 95, 5, 'You saved my life.');
insert into comment (id, date_created, post_id, user_id, content) values (196, '2016-11-29 21:25:37.647', 96, 9, 'You rock dude.');
insert into comment (id, date_created, post_id, user_id, content) values (197, '2016-08-16 17:33:52.647', 97, 5, 'Great! I owe you a beer.');
insert into comment (id, date_created, post_id, user_id, content) values (198, '2016-12-09 02:59:42.647', 98, 7, 'You saved my life.');
insert into comment (id, date_created, post_id, user_id, content) values (199, '2017-01-30 18:52:29.647', 99, 4, 'Knowledge is power. Keep it going!');
insert into comment (id, date_created, post_id, user_id, content) values (201, '2016-08-08 00:09:01.647', 1, 7, 'Ive been looking everywhere for this');
insert into comment (id, date_created, post_id, user_id, content) values (202, '2017-01-31 18:03:40.663', 2, 9, 'Knowledge is power. Keep it going!');
insert into comment (id, date_created, post_id, user_id, content) values (203, '2017-01-16 07:00:34.663', 3, 2, 'Awesome article!');
insert into comment (id, date_created, post_id, user_id, content) values (204, '2016-12-02 18:54:44.663', 4, 9, 'You are the man!');
insert into comment (id, date_created, post_id, user_id, content) values (205, '2016-07-10 04:11:10.663', 5, 3, 'This is the best article on the topic');
insert into comment (id, date_created, post_id, user_id, content) values (206, '2016-11-25 15:38:16.663', 6, 3, 'Awesome article!');
insert into comment (id, date_created, post_id, user_id, content) values (207, '2017-02-18 07:15:27.663', 7, 1, 'Knowledge is power. Keep it going!');
insert into comment (id, date_created, post_id, user_id, content) values (208, '2016-07-26 08:10:10.663', 8, 2, 'Good stuff.');
insert into comment (id, date_created, post_id, user_id, content) values (209, '2016-05-28 12:02:51.663', 9, 9, 'Knowledge is power. Keep it going!');
insert into comment (id, date_created, post_id, user_id, content) values (210, '2016-03-14 00:19:39.663', 10, 5, 'Ive been looking everywhere for this');
insert into comment (id, date_created, post_id, user_id, content) values (211, '2016-11-24 12:19:21.663', 11, 3, 'Awesome article!');
insert into comment (id, date_created, post_id, user_id, content) values (212, '2017-01-09 00:54:03.663', 12, 3, 'Good stuff.');
insert into comment (id, date_created, post_id, user_id, content) values (213, '2017-02-26 03:35:33.663', 13, 8, 'Good stuff.');
insert into comment (id, date_created, post_id, user_id, content) values (214, '2016-06-30 18:21:58.663', 14, 4, 'This is the best article on the topic');
insert into comment (id, date_created, post_id, user_id, content) values (215, '2016-06-06 04:11:56.663', 15, 7, 'Good stuff.');
insert into comment (id, date_created, post_id, user_id, content) values (216, '2016-11-30 07:42:48.663', 16, 1, 'This is the best article on the topic');
insert into comment (id, date_created, post_id, user_id, content) values (217, '2016-05-14 04:26:25.663', 17, 6, 'Great! I owe you a beer.');
insert into comment (id, date_created, post_id, user_id, content) values (218, '2016-07-14 05:28:01.663', 18, 3, 'Great! I owe you a beer.');
insert into comment (id, date_created, post_id, user_id, content) values (219, '2016-05-09 11:21:43.663', 19, 7, 'This is the best article on the topic');
insert into comment (id, date_created, post_id, user_id, content) values (220, '2016-03-19 04:31:02.663', 20, 2, 'You saved my life.');
insert into comment (id, date_created, post_id, user_id, content) values (221, '2016-10-07 18:15:28.663', 21, 6, 'Good stuff.');
insert into comment (id, date_created, post_id, user_id, content) values (222, '2016-04-13 02:59:31.663', 22, 7, 'You rock dude.');
insert into comment (id, date_created, post_id, user_id, content) values (223, '2016-11-14 22:34:59.663', 23, 9, 'Good stuff.');
insert into comment (id, date_created, post_id, user_id, content) values (224, '2016-12-16 04:10:33.663', 24, 9, 'Ive been looking everywhere for this');
insert into comment (id, date_created, post_id, user_id, content) values (225, '2016-12-31 14:51:26.663', 25, 5, 'Awesome article!');
insert into comment (id, date_created, post_id, user_id, content) values (226, '2016-10-07 15:55:22.663', 26, 1, 'Knowledge is power. Keep it going!');
insert into comment (id, date_created, post_id, user_id, content) values (227, '2016-05-05 12:55:18.663', 27, 5, 'You saved my life.');
insert into comment (id, date_created, post_id, user_id, content) values (228, '2016-04-10 09:23:09.663', 28, 1, 'Good stuff.');
insert into comment (id, date_created, post_id, user_id, content) values (229, '2017-03-01 01:02:43.663', 29, 9, 'This should be in the documentation.');
insert into comment (id, date_created, post_id, user_id, content) values (230, '2017-01-23 04:52:49.663', 30, 6, 'You saved my life.');
insert into comment (id, date_created, post_id, user_id, content) values (231, '2016-03-19 21:27:35.663', 31, 9, 'Good stuff.');
insert into comment (id, date_created, post_id, user_id, content) values (232, '2016-07-20 21:52:00.663', 32, 2, 'Great! I owe you a beer.');
insert into comment (id, date_created, post_id, user_id, content) values (233, '2016-08-18 09:44:45.663', 33, 1, 'Knowledge is power. Keep it going!');
insert into comment (id, date_created, post_id, user_id, content) values (234, '2016-08-29 04:40:07.663', 34, 5, 'Great! I owe you a beer.');
insert into comment (id, date_created, post_id, user_id, content) values (235, '2016-05-10 10:39:28.663', 35, 4, 'Knowledge is power. Keep it going!');
insert into comment (id, date_created, post_id, user_id, content) values (236, '2017-01-28 09:02:50.663', 36, 1, 'Knowledge is power. Keep it going!');
insert into comment (id, date_created, post_id, user_id, content) values (237, '2017-02-16 00:39:09.663', 37, 5, 'You saved my life.');
insert into comment (id, date_created, post_id, user_id, content) values (238, '2016-07-04 10:11:46.663', 38, 3, 'Good stuff.');
insert into comment (id, date_created, post_id, user_id, content) values (239, '2016-11-16 01:19:55.663', 39, 3, 'This is the best article on the topic');
insert into comment (id, date_created, post_id, user_id, content) values (240, '2016-09-12 17:49:38.663', 40, 7, 'You saved my life.');
insert into comment (id, date_created, post_id, user_id, content) values (241, '2016-10-31 13:50:29.663', 41, 6, 'You rock dude.');
insert into comment (id, date_created, post_id, user_id, content) values (242, '2017-02-09 04:52:17.663', 42, 2, 'You rock dude.');
insert into comment (id, date_created, post_id, user_id, content) values (243, '2016-06-05 01:48:11.663', 43, 9, 'You saved my life.');
insert into comment (id, date_created, post_id, user_id, content) values (244, '2016-12-09 19:06:02.663', 44, 3, 'You are the man!');
insert into comment (id, date_created, post_id, user_id, content) values (245, '2016-10-27 22:50:04.663', 45, 5, 'You rock dude.');
insert into comment (id, date_created, post_id, user_id, content) values (246, '2016-03-25 17:58:42.663', 46, 7, 'Good stuff.');
insert into comment (id, date_created, post_id, user_id, content) values (247, '2017-01-09 06:19:56.663', 47, 8, 'Awesome article!');
insert into comment (id, date_created, post_id, user_id, content) values (248, '2016-07-20 00:11:51.663', 48, 7, 'You are the man!');
insert into comment (id, date_created, post_id, user_id, content) values (249, '2016-10-18 10:47:59.663', 49, 4, 'Awesome article!');
insert into comment (id, date_created, post_id, user_id, content) values (250, '2017-01-12 19:08:56.663', 50, 8, 'Awesome article!');
insert into comment (id, date_created, post_id, user_id, content) values (251, '2017-02-23 00:38:32.663', 51, 8, 'Ive been looking everywhere for this');
insert into comment (id, date_created, post_id, user_id, content) values (252, '2016-03-25 05:07:45.663', 52, 3, 'Ive been looking everywhere for this');
insert into comment (id, date_created, post_id, user_id, content) values (253, '2016-04-08 20:42:57.663', 53, 4, 'This should be in the documentation.');
insert into comment (id, date_created, post_id, user_id, content) values (254, '2016-11-21 05:09:28.663', 54, 8, 'This should be in the documentation.');
insert into comment (id, date_created, post_id, user_id, content) values (255, '2016-11-24 01:02:58.663', 55, 9, 'You are the man!');
insert into comment (id, date_created, post_id, user_id, content) values (256, '2016-09-30 04:25:15.663', 56, 5, 'Knowledge is power. Keep it going!');
insert into comment (id, date_created, post_id, user_id, content) values (257, '2016-08-30 14:36:13.663', 57, 4, 'Ive been looking everywhere for this');
insert into comment (id, date_created, post_id, user_id, content) values (258, '2016-09-23 01:35:59.663', 58, 2, 'You rock dude.');
insert into comment (id, date_created, post_id, user_id, content) values (259, '2016-12-26 03:21:34.663', 59, 5, 'This is the best article on the topic');
insert into comment (id, date_created, post_id, user_id, content) values (260, '2016-10-16 12:40:10.663', 60, 5, 'This is the best article on the topic');
insert into comment (id, date_created, post_id, user_id, content) values (261, '2016-07-02 04:30:39.663', 61, 3, 'You are the man!');
insert into comment (id, date_created, post_id, user_id, content) values (262, '2017-02-04 18:19:24.663', 62, 3, 'You are the man!');
insert into comment (id, date_created, post_id, user_id, content) values (263, '2016-03-15 16:50:42.663', 63, 6, 'This should be in the documentation.');
insert into comment (id, date_created, post_id, user_id, content) values (264, '2016-05-20 16:53:16.663', 64, 6, 'Ive been looking everywhere for this');
insert into comment (id, date_created, post_id, user_id, content) values (265, '2016-05-29 19:14:16.663', 65, 5, 'You saved my life.');
insert into comment (id, date_created, post_id, user_id, content) values (266, '2016-12-02 13:59:31.663', 66, 4, 'Knowledge is power. Keep it going!');
insert into comment (id, date_created, post_id, user_id, content) values (267, '2016-07-16 17:20:37.663', 67, 3, 'Great! I owe you a beer.');
insert into comment (id, date_created, post_id, user_id, content) values (268, '2016-10-09 23:56:31.663', 68, 1, 'You rock dude.');
insert into comment (id, date_created, post_id, user_id, content) values (269, '2016-09-06 22:34:12.663', 69, 3, 'Ive been looking everywhere for this');
insert into comment (id, date_created, post_id, user_id, content) values (270, '2016-05-23 06:37:53.663', 70, 7, 'You rock dude.');
insert into comment (id, date_created, post_id, user_id, content) values (271, '2016-11-16 23:50:42.663', 71, 2, 'Awesome article!');
insert into comment (id, date_created, post_id, user_id, content) values (272, '2017-02-10 02:09:33.663', 72, 7, 'Good stuff.');
insert into comment (id, date_created, post_id, user_id, content) values (273, '2016-11-16 13:19:25.663', 73, 6, 'This should be in the documentation.');
insert into comment (id, date_created, post_id, user_id, content) values (274, '2016-07-04 17:47:37.663', 74, 3, 'Awesome article!');
insert into comment (id, date_created, post_id, user_id, content) values (275, '2016-05-21 11:28:02.679', 75, 3, 'Great! I owe you a beer.');
insert into comment (id, date_created, post_id, user_id, content) values (276, '2016-12-23 15:27:44.679', 76, 1, 'This should be in the documentation.');
insert into comment (id, date_created, post_id, user_id, content) values (277, '2016-03-27 05:37:22.679', 77, 7, 'Good stuff.');
insert into comment (id, date_created, post_id, user_id, content) values (278, '2016-05-19 12:38:26.694', 78, 4, 'You are the man!');
insert into comment (id, date_created, post_id, user_id, content) values (279, '2016-11-03 05:40:47.694', 79, 8, 'Awesome article!');
insert into comment (id, date_created, post_id, user_id, content) values (280, '2016-03-24 18:53:28.694', 80, 5, 'You rock dude.');
insert into comment (id, date_created, post_id, user_id, content) values (281, '2016-08-20 10:14:32.694', 81, 5, 'Great! I owe you a beer.');
insert into comment (id, date_created, post_id, user_id, content) values (282, '2016-06-17 14:30:14.694', 82, 4, 'Good stuff.');
insert into comment (id, date_created, post_id, user_id, content) values (283, '2016-06-25 00:12:50.694', 83, 5, 'Good stuff.');
insert into comment (id, date_created, post_id, user_id, content) values (284, '2017-01-29 12:55:25.694', 84, 3, 'Good stuff.');
insert into comment (id, date_created, post_id, user_id, content) values (285, '2016-06-11 01:23:17.694', 85, 8, 'Ive been looking everywhere for this');
insert into comment (id, date_created, post_id, user_id, content) values (286, '2016-12-04 14:17:03.694', 86, 5, 'Awesome article!');
insert into comment (id, date_created, post_id, user_id, content) values (287, '2016-10-22 04:20:59.694', 87, 9, 'Awesome article!');
insert into comment (id, date_created, post_id, user_id, content) values (288, '2016-09-06 00:04:21.694', 88, 7, 'You are the man!');
insert into comment (id, date_created, post_id, user_id, content) values (289, '2016-09-10 12:50:04.694', 89, 4, 'Good stuff.');
insert into comment (id, date_created, post_id, user_id, content) values (290, '2016-10-24 18:12:54.694', 90, 3, 'This is the best article on the topic');
insert into comment (id, date_created, post_id, user_id, content) values (291, '2016-11-01 06:20:45.694', 91, 9, 'This is the best article on the topic');
insert into comment (id, date_created, post_id, user_id, content) values (292, '2016-06-29 14:45:53.694', 92, 3, 'You are the man!');
insert into comment (id, date_created, post_id, user_id, content) values (293, '2016-09-17 11:18:16.694', 93, 5, 'Knowledge is power. Keep it going!');
insert into comment (id, date_created, post_id, user_id, content) values (294, '2016-12-21 19:40:35.694', 94, 8, 'Awesome article!');
insert into comment (id, date_created, post_id, user_id, content) values (295, '2016-09-25 09:06:12.694', 95, 3, 'Ive been looking everywhere for this');
insert into comment (id, date_created, post_id, user_id, content) values (296, '2016-06-12 07:39:06.694', 96, 6, 'Awesome article!');
insert into comment (id, date_created, post_id, user_id, content) values (297, '2017-01-31 01:44:32.694', 97, 7, 'You are the man!');
insert into comment (id, date_created, post_id, user_id, content) values (298, '2016-10-02 10:44:45.694', 98, 3, 'Ive been looking everywhere for this');
insert into comment (id, date_created, post_id, user_id, content) values (299, '2017-03-02 03:59:47.694', 99, 7, 'You saved my life.');

insert into tag (id, name, post_count) values (1, 'facebook-api', 0);
insert into tag (id, name, post_count) values (2, 'reactjs', 9);
insert into tag (id, name, post_count) values (3, 'javascript', 3);
insert into tag (id, name, post_count) values (4, 'java', 2);
insert into tag (id, name, post_count) values (5, 'spring', 14);
insert into tag (id, name, post_count) values (6, 'jersey', 10);
insert into tag (id, name, post_count) values (7, 'es6', 5);
insert into tag (id, name, post_count) values (8, 'typescript', 6);
insert into tag (id, name, post_count) values (9, 'scala', 6);
insert into tag (id, name, post_count) values (10, 'spring-boot', 10);
insert into tag (id, name, post_count) values (11, 'nodejs', 6);
insert into tag (id, name, post_count) values (12, 'jax-rs', 6);
insert into tag (id, name, post_count) values (13, 'bootstrap', 10);
insert into tag (id, name, post_count) values (14, 'rxjs', 8);
insert into tag (id, name, post_count) values (15, 'spring-security', 2);
insert into tag (id, name, post_count) values (16, 'spring-mvc', 9);
insert into tag (id, name, post_count) values (17, 'mysql', 10);
insert into tag (id, name, post_count) values (18, 'rest', 11);
insert into tag (id, name, post_count) values (19, 'spring-data', 6);
insert into tag (id, name, post_count) values (20, 'javaee', 17);
insert into tag (id, name, post_count) values (21, 'websocket', 6);
insert into tag (id, name, post_count) values (22, 'jackson', 7);
insert into tag (id, name, post_count) values (23, 'oracle', 7);
insert into tag (id, name, post_count) values (24, 'google-maps', 8);
insert into tag (id, name, post_count) values (25, 'angular', 3);
insert into tag (id, name, post_count) values (26, 'react-router', 9);
insert into tag (id, name, post_count) values (27, 'redux', 12);
insert into tag (id, name, post_count) values (28, 'ionic', 8);
insert into tag (id, name, post_count) values (29, 'rxjava', 18);
insert into tag (id, name, post_count) values (30, 'android', 7);
insert into tag (id, name, post_count) values (31, 'linux', 10);
insert into tag (id, name, post_count) values (32, 'ios', 2);
insert into tag (id, name, post_count) values (33, 'swift', 6);
insert into tag (id, name, post_count) values (34, 'xamarin', 4);
insert into tag (id, name, post_count) values (35, 'hadoop', 9);

insert into post_tag (post_id, tag_id) values (1, 21);
insert into post_tag (post_id, tag_id) values (1, 22);
insert into post_tag (post_id, tag_id) values (1, 10);
insert into post_tag (post_id, tag_id) values (2, 32);
insert into post_tag (post_id, tag_id) values (2, 26);
insert into post_tag (post_id, tag_id) values (2, 28);
insert into post_tag (post_id, tag_id) values (3, 11);
insert into post_tag (post_id, tag_id) values (3, 27);
insert into post_tag (post_id, tag_id) values (3, 28);
insert into post_tag (post_id, tag_id) values (4, 7);
insert into post_tag (post_id, tag_id) values (4, 9);
insert into post_tag (post_id, tag_id) values (4, 26);
insert into post_tag (post_id, tag_id) values (5, 16);
insert into post_tag (post_id, tag_id) values (5, 12);
insert into post_tag (post_id, tag_id) values (5, 28);
insert into post_tag (post_id, tag_id) values (6, 19);
insert into post_tag (post_id, tag_id) values (6, 22);
insert into post_tag (post_id, tag_id) values (6, 28);
insert into post_tag (post_id, tag_id) values (7, 10);
insert into post_tag (post_id, tag_id) values (7, 14);
insert into post_tag (post_id, tag_id) values (7, 30);
insert into post_tag (post_id, tag_id) values (8, 17);
insert into post_tag (post_id, tag_id) values (8, 21);
insert into post_tag (post_id, tag_id) values (8, 15);
insert into post_tag (post_id, tag_id) values (9, 2);
insert into post_tag (post_id, tag_id) values (9, 26);
insert into post_tag (post_id, tag_id) values (9, 13);
insert into post_tag (post_id, tag_id) values (10, 19);
insert into post_tag (post_id, tag_id) values (10, 4);
insert into post_tag (post_id, tag_id) values (10, 13);
insert into post_tag (post_id, tag_id) values (11, 16);
insert into post_tag (post_id, tag_id) values (11, 7);
insert into post_tag (post_id, tag_id) values (11, 28);
insert into post_tag (post_id, tag_id) values (12, 17);
insert into post_tag (post_id, tag_id) values (12, 25);
insert into post_tag (post_id, tag_id) values (12, 28);
insert into post_tag (post_id, tag_id) values (13, 17);
insert into post_tag (post_id, tag_id) values (13, 23);
insert into post_tag (post_id, tag_id) values (13, 8);
insert into post_tag (post_id, tag_id) values (14, 4);
insert into post_tag (post_id, tag_id) values (14, 8);
insert into post_tag (post_id, tag_id) values (14, 25);
insert into post_tag (post_id, tag_id) values (15, 17);
insert into post_tag (post_id, tag_id) values (15, 23);
insert into post_tag (post_id, tag_id) values (15, 11);
insert into post_tag (post_id, tag_id) values (16, 19);
insert into post_tag (post_id, tag_id) values (16, 9);
insert into post_tag (post_id, tag_id) values (16, 26);
insert into post_tag (post_id, tag_id) values (17, 22);
insert into post_tag (post_id, tag_id) values (17, 9);
insert into post_tag (post_id, tag_id) values (17, 28);
insert into post_tag (post_id, tag_id) values (18, 20);
insert into post_tag (post_id, tag_id) values (18, 12);
insert into post_tag (post_id, tag_id) values (18, 28);
insert into post_tag (post_id, tag_id) values (19, 33);
insert into post_tag (post_id, tag_id) values (19, 4);
insert into post_tag (post_id, tag_id) values (19, 27);
insert into post_tag (post_id, tag_id) values (20, 16);
insert into post_tag (post_id, tag_id) values (20, 34);
insert into post_tag (post_id, tag_id) values (20, 5);
insert into post_tag (post_id, tag_id) values (21, 19);
insert into post_tag (post_id, tag_id) values (21, 15);
insert into post_tag (post_id, tag_id) values (21, 31);
insert into post_tag (post_id, tag_id) values (22, 26);
insert into post_tag (post_id, tag_id) values (22, 12);
insert into post_tag (post_id, tag_id) values (22, 30);
insert into post_tag (post_id, tag_id) values (23, 19);
insert into post_tag (post_id, tag_id) values (23, 5);
insert into post_tag (post_id, tag_id) values (23, 30);
insert into post_tag (post_id, tag_id) values (24, 18);
insert into post_tag (post_id, tag_id) values (24, 34);
insert into post_tag (post_id, tag_id) values (24, 6);
insert into post_tag (post_id, tag_id) values (25, 17);
insert into post_tag (post_id, tag_id) values (25, 21);
insert into post_tag (post_id, tag_id) values (25, 22);
insert into post_tag (post_id, tag_id) values (26, 19);
insert into post_tag (post_id, tag_id) values (26, 4);
insert into post_tag (post_id, tag_id) values (26, 6);
insert into post_tag (post_id, tag_id) values (27, 34);
insert into post_tag (post_id, tag_id) values (27, 23);
insert into post_tag (post_id, tag_id) values (27, 13);
insert into post_tag (post_id, tag_id) values (28, 17);
insert into post_tag (post_id, tag_id) values (28, 19);
insert into post_tag (post_id, tag_id) values (28, 24);
insert into post_tag (post_id, tag_id) values (29, 5);
insert into post_tag (post_id, tag_id) values (29, 25);
insert into post_tag (post_id, tag_id) values (29, 30);
insert into post_tag (post_id, tag_id) values (30, 5);
insert into post_tag (post_id, tag_id) values (30, 10);
insert into post_tag (post_id, tag_id) values (30, 28);
insert into post_tag (post_id, tag_id) values (31, 34);
insert into post_tag (post_id, tag_id) values (31, 19);
insert into post_tag (post_id, tag_id) values (31, 29);
insert into post_tag (post_id, tag_id) values (32, 33);
insert into post_tag (post_id, tag_id) values (32, 4);
insert into post_tag (post_id, tag_id) values (32, 26);
insert into post_tag (post_id, tag_id) values (33, 21);
insert into post_tag (post_id, tag_id) values (33, 11);
insert into post_tag (post_id, tag_id) values (33, 15);
insert into post_tag (post_id, tag_id) values (34, 16);
insert into post_tag (post_id, tag_id) values (34, 27);
insert into post_tag (post_id, tag_id) values (34, 29);
insert into post_tag (post_id, tag_id) values (35, 1);
insert into post_tag (post_id, tag_id) values (35, 33);
insert into post_tag (post_id, tag_id) values (35, 29);
insert into post_tag (post_id, tag_id) values (36, 1);
insert into post_tag (post_id, tag_id) values (36, 10);
insert into post_tag (post_id, tag_id) values (36, 14);
insert into post_tag (post_id, tag_id) values (37, 18);
insert into post_tag (post_id, tag_id) values (37, 4);
insert into post_tag (post_id, tag_id) values (37, 29);
insert into post_tag (post_id, tag_id) values (38, 11);
insert into post_tag (post_id, tag_id) values (38, 12);
insert into post_tag (post_id, tag_id) values (38, 31);
insert into post_tag (post_id, tag_id) values (39, 16);
insert into post_tag (post_id, tag_id) values (39, 1);
insert into post_tag (post_id, tag_id) values (39, 5);
insert into post_tag (post_id, tag_id) values (40, 4);
insert into post_tag (post_id, tag_id) values (40, 22);
insert into post_tag (post_id, tag_id) values (40, 9);
insert into post_tag (post_id, tag_id) values (41, 1);
insert into post_tag (post_id, tag_id) values (41, 34);
insert into post_tag (post_id, tag_id) values (41, 19);
insert into post_tag (post_id, tag_id) values (42, 19);
insert into post_tag (post_id, tag_id) values (42, 27);
insert into post_tag (post_id, tag_id) values (42, 28);
insert into post_tag (post_id, tag_id) values (43, 21);
insert into post_tag (post_id, tag_id) values (43, 9);
insert into post_tag (post_id, tag_id) values (43, 28);
insert into post_tag (post_id, tag_id) values (44, 33);
insert into post_tag (post_id, tag_id) values (44, 19);
insert into post_tag (post_id, tag_id) values (44, 26);
insert into post_tag (post_id, tag_id) values (45, 32);
insert into post_tag (post_id, tag_id) values (45, 7);
insert into post_tag (post_id, tag_id) values (45, 12);
insert into post_tag (post_id, tag_id) values (46, 32);
insert into post_tag (post_id, tag_id) values (46, 17);
insert into post_tag (post_id, tag_id) values (46, 21);
insert into post_tag (post_id, tag_id) values (47, 1);
insert into post_tag (post_id, tag_id) values (47, 25);
insert into post_tag (post_id, tag_id) values (47, 10);
insert into post_tag (post_id, tag_id) values (48, 18);
insert into post_tag (post_id, tag_id) values (48, 23);
insert into post_tag (post_id, tag_id) values (48, 27);
insert into post_tag (post_id, tag_id) values (49, 18);
insert into post_tag (post_id, tag_id) values (49, 4);
insert into post_tag (post_id, tag_id) values (49, 9);
insert into post_tag (post_id, tag_id) values (50, 6);
insert into post_tag (post_id, tag_id) values (50, 24);
insert into post_tag (post_id, tag_id) values (50, 30);
insert into post_tag (post_id, tag_id) values (51, 16);
insert into post_tag (post_id, tag_id) values (51, 21);
insert into post_tag (post_id, tag_id) values (51, 26);
insert into post_tag (post_id, tag_id) values (52, 1);
insert into post_tag (post_id, tag_id) values (52, 20);
insert into post_tag (post_id, tag_id) values (52, 23);
insert into post_tag (post_id, tag_id) values (53, 7);
insert into post_tag (post_id, tag_id) values (53, 25);
insert into post_tag (post_id, tag_id) values (53, 28);
insert into post_tag (post_id, tag_id) values (54, 3);
insert into post_tag (post_id, tag_id) values (54, 30);
insert into post_tag (post_id, tag_id) values (54, 15);
insert into post_tag (post_id, tag_id) values (55, 4);
insert into post_tag (post_id, tag_id) values (55, 13);
insert into post_tag (post_id, tag_id) values (55, 15);
insert into post_tag (post_id, tag_id) values (56, 1);
insert into post_tag (post_id, tag_id) values (56, 34);
insert into post_tag (post_id, tag_id) values (56, 4);
insert into post_tag (post_id, tag_id) values (57, 17);
insert into post_tag (post_id, tag_id) values (57, 22);
insert into post_tag (post_id, tag_id) values (57, 28);
insert into post_tag (post_id, tag_id) values (58, 32);
insert into post_tag (post_id, tag_id) values (58, 27);
insert into post_tag (post_id, tag_id) values (58, 12);
insert into post_tag (post_id, tag_id) values (59, 32);
insert into post_tag (post_id, tag_id) values (59, 29);
insert into post_tag (post_id, tag_id) values (59, 13);
insert into post_tag (post_id, tag_id) values (60, 3);
insert into post_tag (post_id, tag_id) values (60, 22);
insert into post_tag (post_id, tag_id) values (60, 27);
insert into post_tag (post_id, tag_id) values (61, 5);
insert into post_tag (post_id, tag_id) values (61, 24);
insert into post_tag (post_id, tag_id) values (61, 9);
insert into post_tag (post_id, tag_id) values (62, 17);
insert into post_tag (post_id, tag_id) values (62, 26);
insert into post_tag (post_id, tag_id) values (62, 15);
insert into post_tag (post_id, tag_id) values (63, 34);
insert into post_tag (post_id, tag_id) values (63, 20);
insert into post_tag (post_id, tag_id) values (63, 28);
insert into post_tag (post_id, tag_id) values (64, 19);
insert into post_tag (post_id, tag_id) values (64, 4);
insert into post_tag (post_id, tag_id) values (64, 25);
insert into post_tag (post_id, tag_id) values (65, 7);
insert into post_tag (post_id, tag_id) values (65, 8);
insert into post_tag (post_id, tag_id) values (65, 15);
insert into post_tag (post_id, tag_id) values (66, 17);
insert into post_tag (post_id, tag_id) values (66, 5);
insert into post_tag (post_id, tag_id) values (66, 28);
insert into post_tag (post_id, tag_id) values (67, 16);
insert into post_tag (post_id, tag_id) values (67, 18);
insert into post_tag (post_id, tag_id) values (67, 30);
insert into post_tag (post_id, tag_id) values (68, 17);
insert into post_tag (post_id, tag_id) values (68, 12);
insert into post_tag (post_id, tag_id) values (68, 28);
insert into post_tag (post_id, tag_id) values (69, 23);
insert into post_tag (post_id, tag_id) values (69, 10);
insert into post_tag (post_id, tag_id) values (69, 12);
insert into post_tag (post_id, tag_id) values (70, 23);
insert into post_tag (post_id, tag_id) values (70, 25);
insert into post_tag (post_id, tag_id) values (70, 30);
insert into post_tag (post_id, tag_id) values (71, 32);
insert into post_tag (post_id, tag_id) values (71, 5);
insert into post_tag (post_id, tag_id) values (71, 6);
insert into post_tag (post_id, tag_id) values (72, 3);
insert into post_tag (post_id, tag_id) values (72, 6);
insert into post_tag (post_id, tag_id) values (72, 25);
insert into post_tag (post_id, tag_id) values (73, 20);
insert into post_tag (post_id, tag_id) values (73, 21);
insert into post_tag (post_id, tag_id) values (73, 11);
insert into post_tag (post_id, tag_id) values (74, 19);
insert into post_tag (post_id, tag_id) values (74, 11);
insert into post_tag (post_id, tag_id) values (74, 15);
insert into post_tag (post_id, tag_id) values (75, 34);
insert into post_tag (post_id, tag_id) values (75, 8);
insert into post_tag (post_id, tag_id) values (75, 9);
insert into post_tag (post_id, tag_id) values (76, 6);
insert into post_tag (post_id, tag_id) values (76, 12);
insert into post_tag (post_id, tag_id) values (76, 29);
insert into post_tag (post_id, tag_id) values (77, 16);
insert into post_tag (post_id, tag_id) values (77, 2);
insert into post_tag (post_id, tag_id) values (77, 5);
insert into post_tag (post_id, tag_id) values (78, 20);
insert into post_tag (post_id, tag_id) values (78, 23);
insert into post_tag (post_id, tag_id) values (78, 11);
insert into post_tag (post_id, tag_id) values (79, 9);
insert into post_tag (post_id, tag_id) values (79, 26);
insert into post_tag (post_id, tag_id) values (79, 14);
insert into post_tag (post_id, tag_id) values (80, 2);
insert into post_tag (post_id, tag_id) values (80, 29);
insert into post_tag (post_id, tag_id) values (80, 31);
insert into post_tag (post_id, tag_id) values (81, 2);
insert into post_tag (post_id, tag_id) values (81, 19);
insert into post_tag (post_id, tag_id) values (81, 30);
insert into post_tag (post_id, tag_id) values (82, 19);
insert into post_tag (post_id, tag_id) values (82, 22);
insert into post_tag (post_id, tag_id) values (82, 9);
insert into post_tag (post_id, tag_id) values (83, 18);
insert into post_tag (post_id, tag_id) values (83, 27);
insert into post_tag (post_id, tag_id) values (83, 15);
insert into post_tag (post_id, tag_id) values (84, 32);
insert into post_tag (post_id, tag_id) values (84, 4);
insert into post_tag (post_id, tag_id) values (84, 26);
insert into post_tag (post_id, tag_id) values (85, 1);
insert into post_tag (post_id, tag_id) values (85, 9);
insert into post_tag (post_id, tag_id) values (85, 13);
insert into post_tag (post_id, tag_id) values (86, 17);
insert into post_tag (post_id, tag_id) values (86, 23);
insert into post_tag (post_id, tag_id) values (86, 7);
insert into post_tag (post_id, tag_id) values (87, 4);
insert into post_tag (post_id, tag_id) values (87, 5);
insert into post_tag (post_id, tag_id) values (87, 13);
insert into post_tag (post_id, tag_id) values (88, 16);
insert into post_tag (post_id, tag_id) values (88, 1);
insert into post_tag (post_id, tag_id) values (88, 18);
insert into post_tag (post_id, tag_id) values (89, 34);
insert into post_tag (post_id, tag_id) values (89, 24);
insert into post_tag (post_id, tag_id) values (89, 28);
insert into post_tag (post_id, tag_id) values (90, 25);
insert into post_tag (post_id, tag_id) values (90, 26);
insert into post_tag (post_id, tag_id) values (90, 28);
insert into post_tag (post_id, tag_id) values (91, 34);
insert into post_tag (post_id, tag_id) values (91, 20);
insert into post_tag (post_id, tag_id) values (91, 26);
insert into post_tag (post_id, tag_id) values (92, 16);
insert into post_tag (post_id, tag_id) values (92, 8);
insert into post_tag (post_id, tag_id) values (92, 30);
insert into post_tag (post_id, tag_id) values (93, 1);
insert into post_tag (post_id, tag_id) values (93, 19);
insert into post_tag (post_id, tag_id) values (93, 7);
insert into post_tag (post_id, tag_id) values (94, 10);
insert into post_tag (post_id, tag_id) values (94, 27);
insert into post_tag (post_id, tag_id) values (94, 12);
insert into post_tag (post_id, tag_id) values (95, 33);
insert into post_tag (post_id, tag_id) values (95, 4);
insert into post_tag (post_id, tag_id) values (95, 29);
insert into post_tag (post_id, tag_id) values (96, 25);
insert into post_tag (post_id, tag_id) values (96, 13);
insert into post_tag (post_id, tag_id) values (96, 15);
insert into post_tag (post_id, tag_id) values (97, 16);
insert into post_tag (post_id, tag_id) values (97, 19);
insert into post_tag (post_id, tag_id) values (97, 8);
insert into post_tag (post_id, tag_id) values (98, 19);
insert into post_tag (post_id, tag_id) values (98, 20);
insert into post_tag (post_id, tag_id) values (98, 13);
insert into post_tag (post_id, tag_id) values (99, 4);
insert into post_tag (post_id, tag_id) values (99, 28);
insert into post_tag (post_id, tag_id) values (99, 30);
insert into post_tag (post_id, tag_id) values (100, 5);
insert into post_tag (post_id, tag_id) values (100, 8);
insert into post_tag (post_id, tag_id) values (100, 12);

